target,x_m,y_m,true_contact_time_s,true_contact_idx,contact_phase
B1,1.000000,1.800000,0.000000,1,IDLE
B2,1.000000,1.320000,0.000000,1,IDLE
B3,1.000000,0.840000,0.000000,1,IDLE
B4,1.000000,0.280000,0.000000,1,IDLE
B5,1.000000,-0.200000,0.000000,1,IDLE
B6,1.000000,-0.680000,0.000000,1,IDLE
B7,1.000000,-1.160000,0.000000,1,IDLE
B8,1.000000,-1.720000,0.000000,1,IDLE
B9,1.000000,-2.200000,0.000000,1,IDLE
B10,1.000000,-2.680000,0.000000,1,IDLE
B11,1.000000,-3.160000,0.000000,1,IDLE
B12,1.000000,-3.720000,0.000000,1,IDLE
B13,1.000000,-4.200000,0.000000,1,IDLE
B14,1.000000,-4.680000,0.000000,1,IDLE
B15,1.000000,-5.160000,0.000000,1,IDLE
B16,1.000000,-5.720000,0.000000,1,IDLE
B17,1.000000,-6.200000,0.000000,1,IDLE
B18,1.000000,-6.680000,0.000000,1,IDLE
B19,1.000000,-7.160000,0.000000,1,IDLE
B20,1.000000,-7.720000,0.000000,1,IDLE
B21,1.000000,-8.200000,0.000000,1,IDLE
B22,1.000000,-8.680000,0.000000,1,IDLE
B23,1.000000,-9.160000,0.000000,1,IDLE
B24,1.000000,-9.720000,0.000000,1,IDLE
B25,1.000000,-10.200000,0.000000,1,IDLE
B26,1.000000,-10.680000,0.000000,1,IDLE
B27,1.000000,-11.160000,0.000000,1,IDLE
B28,1.000000,1.920000,0.040000,3,IDLE
B29,1.000000,2.400000,0.200000,11,IDLE
B30,1.000000,2.880000,0.360000,19,IDLE
B31,1.000000,3.280000,0.480000,25,IDLE
B32,1.000000,3.960000,0.720000,37,IDLE
B33,1.000000,4.440000,0.880000,45,IDLE
B34,1.000000,4.920000,1.040000,53,IDLE
B35,1.000000,5.400000,1.200000,61,IDLE
B36,1.000000,5.880000,1.360000,69,IDLE
B37,1.000000,6.280000,1.480000,75,IDLE
B38,1.000000,6.960000,1.720000,87,IDLE
B39,1.000000,7.440000,1.880000,95,IDLE
B40,1.000000,7.920000,2.040000,103,IDLE
B41,1.000000,8.400000,2.200000,111,IDLE
B42,1.000000,8.880000,2.360000,119,IDLE
B43,1.000000,9.280000,2.480000,125,IDLE
B44,1.000000,9.960000,2.720000,137,IDLE
B45,1.000000,10.440000,2.880000,145,IDLE
B46,1.000121,10.919990,3.040000,153,IDLE
B47,1.003178,11.399721,3.200000,161,IDLE
B48,1.010360,11.879007,3.360000,169,IDLE
B49,1.022058,12.277715,3.480000,175,ENTRY
B50,1.044212,12.955096,3.720000,187,ENTRY
B51,1.054827,13.033686,3.740000,188,ENTRY
B52,1.052648,12.473691,3.560000,179,ENTRY
B53,1.050780,11.993694,3.400000,171,ENTRY
B54,1.054368,11.632910,3.280000,165,IDLE
B55,1.051952,11.072915,3.160000,159,IDLE
B56,1.068148,13.432045,3.880000,195,ENTRY
B57,1.052923,10.232081,3.220000,162,IDLE
B58,1.050258,9.672087,3.060000,154,IDLE
B59,1.053316,9.391190,3.240000,163,IDLE
B60,1.050807,8.911197,3.120000,157,IDLE
B61,1.052610,8.470243,3.220000,162,IDLE
B62,1.090037,13.789118,4.000000,201,ENTRY
B63,1.051613,7.629238,3.180000,160,IDLE
B64,1.052553,7.188165,3.220000,162,IDLE
B65,1.053691,6.827029,3.280000,165,IDLE
B66,1.050165,6.347042,3.080000,155,IDLE
B67,1.050053,5.905846,3.120000,157,IDLE
B68,1.050836,5.624582,3.160000,159,IDLE
B69,1.144564,14.501396,4.240000,213,ENTRY
B70,1.154259,14.539848,4.240000,213,ENTRY
B71,1.052918,4.940382,3.280000,165,IDLE
B72,1.157050,13.938260,4.100000,206,ENTRY
B73,1.150736,13.378296,4.080000,205,ENTRY
B74,1.159199,13.336602,4.140000,208,ENTRY
B75,1.152468,12.776642,4.120000,207,ENTRY
B76,1.189298,14.974689,4.400000,221,ENTRY
B77,1.152470,12.094924,4.140000,208,ENTRY
B78,1.201570,15.092799,4.440000,223,ENTRY
B79,1.151585,11.413138,4.180000,210,ENTRY
B80,1.155517,11.131242,4.220000,212,ENTRY
B81,1.227448,15.328747,4.520000,227,ENTRY
B82,1.150581,10.289333,4.240000,213,ENTRY
B83,1.154634,10.087278,4.280000,215,ENTRY
B84,1.255129,15.564319,4.600000,231,ENTRY
B85,1.154349,9.645177,4.300000,216,ENTRY
B86,1.259604,15.122050,4.480000,225,ENTRY
B87,1.250988,14.642127,4.480000,225,ENTRY
B88,1.051394,3.523918,3.640000,183,ENTRY
B89,1.254402,14.199785,4.500000,226,ENTRY
B90,1.150070,8.680771,4.340000,218,ENTRY
B91,1.255569,13.677378,4.540000,228,ENTRY
B92,1.152200,8.478406,4.380000,220,ENTRY
B93,1.254206,13.074913,4.580000,230,ENTRY
B94,1.150628,8.115995,4.400000,221,ENTRY
B95,1.257031,12.712318,4.620000,232,ENTRY
B96,1.151849,7.913471,4.440000,223,ENTRY
B97,1.253726,12.109705,4.640000,233,ENTRY
B98,1.366623,16.385611,4.880000,245,ENTRY
B99,1.355078,15.905750,4.740000,238,ENTRY
B100,1.251173,11.587000,4.680000,235,ENTRY
B101,1.360294,15.542804,4.780000,240,ENTRY
B102,1.259649,11.544071,4.720000,237,ENTRY
B103,1.150952,7.225439,4.500000,226,ENTRY
B104,1.354372,14.779910,4.820000,242,ENTRY
B105,1.253393,10.941238,4.740000,238,ENTRY
B106,1.357849,14.416803,4.860000,244,ENTRY
B107,1.252409,10.578251,4.780000,240,ENTRY
B108,1.362918,14.133578,4.900000,246,ENTRY
B109,1.255209,10.375121,4.800000,241,ENTRY
B110,1.458221,16.888907,5.040000,253,ENTRY
B111,1.357891,13.530405,4.920000,247,ENTRY
B112,1.250394,9.932010,4.840000,243,ENTRY
B113,1.460974,16.445465,5.000000,251,ENTRY
B114,1.356476,13.087090,4.960000,249,ENTRY
B115,1.152457,6.530263,4.620000,232,ENTRY
B116,1.452445,15.682107,5.040000,253,ENTRY
B117,1.253064,9.525335,4.900000,246,ENTRY
B118,1.460971,15.478379,5.080000,255,ENTRY
B119,1.358646,12.440101,5.020000,252,ENTRY
B120,1.151304,6.283592,4.660000,234,ENTRY
B121,1.452325,14.794843,5.100000,256,ENTRY
B122,1.250851,9.038368,4.960000,249,ENTRY
B123,1.555310,17.229195,5.180000,260,ENTRY
B124,1.453606,14.431043,5.140000,258,ENTRY
B125,1.250198,8.834738,4.980000,250,ENTRY
B126,1.562565,16.945114,5.220000,262,ENTRY
B127,1.460038,14.227047,5.180000,260,ENTRY
B128,1.351480,11.349094,5.120000,257,ENTRY
B129,1.556692,16.341181,5.260000,264,ENTRY
B130,1.450366,13.623260,5.220000,262,ENTRY
B131,1.153280,6.029069,4.720000,237,ENTRY
B132,1.555742,15.897057,5.280000,265,ENTRY
B133,1.358039,11.021063,5.200000,261,ENTRY
B134,1.650994,17.770815,5.360000,269,ENTRY
B135,1.459651,13.214831,5.300000,266,ENTRY
B136,1.685874,18.125645,5.480000,275,ENTRY
B137,1.651126,17.326400,5.380000,270,ENTRY
B138,1.463485,13.010477,5.320000,267,ENTRY
B139,1.254995,8.215007,5.140000,258,ENTRY
B140,1.660870,17.121666,5.420000,272,ENTRY
B141,1.553025,14.724091,5.400000,271,ENTRY
B142,1.355311,10.328535,5.300000,266,ENTRY
B143,1.666416,16.836913,5.460000,274,ENTRY
B144,1.558627,14.519419,5.440000,273,ENTRY
B145,1.354201,10.124170,5.320000,267,ENTRY
B146,1.755710,18.310038,5.540000,278,ENTRY
B147,1.563664,14.314651,5.480000,275,ENTRY
B148,1.352414,9.919725,5.360000,269,ENTRY
B149,1.758531,17.945063,5.560000,279,ENTRY
B150,1.651421,15.787721,5.540000,278,ENTRY
B151,1.453070,11.792642,5.460000,274,ENTRY
B152,1.768521,17.739796,5.600000,281,ENTRY
B153,1.657951,15.582628,5.560000,279,ENTRY
B154,1.461383,11.747663,5.500000,276,ENTRY
B155,1.765298,17.294757,5.620000,282,ENTRY
B156,1.655440,15.217661,5.600000,281,ENTRY
B157,1.452624,11.383020,5.520000,277,ENTRY
B158,1.860947,18.686924,5.680000,285,ENTRY
B159,1.760725,16.849655,5.660000,284,ENTRY
B160,1.555922,13.095237,5.620000,282,ENTRY
B161,1.351119,9.340819,5.480000,275,ENTRY
B162,1.858067,18.241592,5.720000,287,ENTRY
B163,1.664924,14.807019,5.680000,285,ENTRY
B164,1.458306,11.132824,5.600000,281,ENTRY
B165,1.867684,18.035797,5.760000,289,ENTRY
B166,1.751987,16.039147,5.740000,288,ENTRY
B167,1.552988,12.604907,5.680000,285,ENTRY
B168,1.962490,19.267339,5.880000,295,ENTRY
B169,1.857637,17.510465,5.800000,291,ENTRY
B170,1.652697,14.076575,5.760000,289,ENTRY
B171,1.352435,9.045527,5.560000,279,ENTRY
B172,1.953785,18.741784,5.840000,293,ENTRY
B173,1.762442,15.627657,5.820000,292,ENTRY
B174,1.551475,12.194132,5.760000,289,ENTRY
B175,1.968575,18.615394,5.880000,295,ENTRY
B176,1.852463,16.779061,5.860000,294,ENTRY
B177,1.660626,13.745120,5.820000,292,ENTRY
B178,2.050517,19.526687,5.960000,299,ENTRY
B179,1.868781,16.732591,5.900000,296,ENTRY
B180,1.661084,13.539338,5.860000,294,ENTRY
B181,1.453386,10.346086,5.760000,289,ENTRY
B182,2.061150,19.320103,5.960000,299,ENTRY
B183,1.868964,16.446523,5.940000,298,ENTRY
B184,1.751517,14.690446,5.920000,297,ENTRY
B185,1.452561,10.220432,5.780000,290,ENTRY
B186,2.054668,18.873977,6.000000,301,ENTRY
B187,1.857154,16.000758,5.980000,300,ENTRY
B188,1.654154,13.047727,5.940000,298,ENTRY
B189,2.074793,18.826816,6.040000,303,ENTRY
B190,1.962064,17.230792,6.040000,303,ENTRY
B191,1.753515,14.278148,6.000000,301,ENTRY
B192,1.454783,10.048684,5.840000,293,ENTRY
B193,2.164279,19.736993,6.100000,306,ENTRY
B194,1.967476,17.024122,6.060000,304,ENTRY
B195,1.851710,15.428316,6.060000,304,ENTRY
B196,1.452316,9.922783,5.880000,295,ENTRY
B197,2.150390,19.210732,6.120000,307,ENTRY
B198,1.954300,16.578025,6.100000,306,ENTRY
B199,1.657195,12.589074,6.040000,303,ENTRY
B200,2.250395,20.200040,6.200000,311,ENTRY
B201,2.061363,17.727255,6.160000,309,ENTRY
B202,1.860135,15.094935,6.120000,307,ENTRY
B203,1.555244,11.106572,6.020000,302,ENTRY
B204,2.260544,19.992561,6.220000,312,ENTRY
B205,2.066627,17.520154,6.200000,311,ENTRY
B206,1.853944,14.808482,6.160000,309,ENTRY
B207,1.453598,9.704158,5.960000,299,ENTRY
B208,2.257115,19.625499,6.260000,314,ENTRY
B209,2.071085,17.312969,6.240000,313,ENTRY
B210,1.859396,14.681470,6.200000,311,ENTRY
B211,1.654122,12.129713,6.140000,308,ENTRY
B212,2.258846,19.338124,6.280000,315,ENTRY
B213,1.969499,15.830037,6.260000,314,ENTRY
B214,1.653847,12.003032,6.180000,310,ENTRY
B215,2.374022,20.405852,6.340000,318,ENTRY
B216,2.252717,18.970971,6.320000,317,ENTRY
B217,2.064020,16.738933,6.300000,316,ENTRY
B218,1.754018,13.072013,6.240000,313,ENTRY
B219,2.376285,20.118117,6.380000,320,ENTRY
B220,2.252012,18.683489,6.360000,319,ENTRY
B221,1.968946,15.415726,6.340000,318,ENTRY
B222,1.754920,12.944979,6.280000,315,ENTRY
B223,2.476394,20.945936,6.480000,325,ENTRY
B224,2.356191,19.591258,6.420000,322,ENTRY
B225,2.165281,17.439712,6.400000,321,ENTRY
B226,1.960229,15.128791,6.360000,319,ENTRY
B227,1.550125,10.506950,6.200000,311,ENTRY
B228,2.456982,20.418855,6.460000,324,ENTRY
B229,2.254283,18.188045,6.440000,323,ENTRY
B230,1.957474,14.921502,6.400000,321,ENTRY
B231,1.450728,9.344477,6.100000,306,ENTRY
B232,2.368689,19.174904,6.480000,325,ENTRY
B233,2.250137,17.900406,6.480000,325,ENTRY
B234,2.050081,15.749690,6.460000,324,ENTRY
B235,1.657378,11.527915,6.340000,318,ENTRY
B236,2.555578,20.877968,6.540000,328,ENTRY
B237,2.358459,18.807329,6.520000,327,ENTRY
B238,2.161339,16.736691,6.500000,326,ENTRY
B239,1.751938,12.436134,6.420000,322,ENTRY
B240,2.571531,20.748822,6.580000,330,ENTRY
B241,2.354384,18.519372,6.560000,329,ENTRY
B242,2.152747,16.449169,6.540000,328,ENTRY
B243,1.858046,13.423487,6.480000,325,ENTRY
B244,2.658329,21.336013,6.620000,332,ENTRY
B245,2.467990,19.425471,6.620000,332,ENTRY
B246,2.253859,17.276111,6.600000,331,ENTRY
B247,1.762151,12.340544,6.480000,325,ENTRY
B248,2.674796,21.206476,6.660000,334,ENTRY
B249,2.553176,20.012655,6.660000,334,ENTRY
B250,2.350476,18.022953,6.640000,333,ENTRY
B251,2.050480,15.078195,6.600000,331,ENTRY
B252,1.750483,12.133436,6.520000,327,ENTRY
B253,2.566410,19.883278,6.700000,336,ENTRY
B254,2.359237,17.894037,6.680000,335,ENTRY
B255,2.152063,15.904796,6.660000,334,ENTRY
B256,1.853733,13.040290,6.580000,330,ENTRY
B257,2.756875,21.424359,6.740000,338,ENTRY
B258,2.562120,19.594695,6.740000,338,ENTRY
B259,2.350430,17.605929,6.720000,337,ENTRY
B260,1.960921,13.946601,6.660000,334,ENTRY
B261,2.772743,21.294363,6.780000,340,ENTRY
B262,2.651644,20.180929,6.780000,340,ENTRY
B263,2.357547,17.476875,6.760000,339,ENTRY
B264,2.054800,14.693290,6.720000,337,ENTRY
B265,2.885200,22.038873,6.880000,345,ENTRY
B266,2.752691,20.846212,6.820000,342,ENTRY
B267,2.470006,18.301867,6.800000,341,ENTRY
B268,2.257992,16.393609,6.780000,340,ENTRY
B269,1.851633,12.736114,6.680000,335,ENTRY
B270,2.856828,21.510978,6.860000,344,ENTRY
B271,2.577222,19.046790,6.840000,343,ENTRY
B272,2.369772,17.218522,6.840000,343,ENTRY
B273,2.063106,14.515865,6.780000,340,ENTRY
B274,2.973297,22.254679,6.960000,349,ENTRY
B275,2.853607,21.221590,6.900000,346,ENTRY
B276,2.669470,19.632221,6.900000,346,ENTRY
B277,2.356436,16.930294,6.860000,344,ENTRY
B278,1.951334,13.433682,6.800000,341,ENTRY
B279,2.961760,21.885540,6.940000,348,ENTRY
B280,2.755052,20.137720,6.940000,348,ENTRY
B281,2.463782,17.674884,6.920000,347,ENTRY
B282,2.257074,15.927065,6.900000,346,ENTRY
B283,1.655742,10.842500,6.640000,333,ENTRY
B284,2.871771,20.881038,6.980000,350,ENTRY
B285,2.670458,19.213143,6.960000,349,ENTRY
B286,2.354107,16.592166,6.940000,348,ENTRY
B287,1.961066,13.335800,6.860000,344,ENTRY
B288,3.050717,22.100150,7.020000,352,ENTRY
B289,2.855146,20.512148,7.020000,352,ENTRY
B290,2.571569,18.209544,7.000000,351,ENTRY
B291,2.268434,15.748140,6.960000,349,ENTRY
B292,1.750172,11.539933,6.780000,340,ENTRY
B293,2.966329,21.175196,7.060000,354,ENTRY
B294,2.756911,19.508300,7.060000,354,ENTRY
B295,2.467714,17.206395,7.020000,352,ENTRY
B296,2.258296,15.539499,7.000000,351,ENTRY
B297,3.162071,22.472471,7.100000,356,ENTRY
B298,2.979054,21.044149,7.100000,356,ENTRY
B299,2.755366,19.298421,7.080000,355,ENTRY
B300,2.460504,16.997235,7.060000,354,ENTRY
B301,2.063966,13.902537,7.000000,351,ENTRY
B302,1.850446,12.236161,6.900000,346,ENTRY
B303,3.053278,21.388964,7.140000,358,ENTRY
B304,2.773436,19.247169,7.120000,357,ENTRY
B305,2.358854,16.074138,7.080000,355,ENTRY
B306,3.255939,22.684973,7.180000,360,ENTRY
B307,3.055242,21.178281,7.180000,360,ENTRY
B308,2.770040,19.037192,7.160000,359,ENTRY
B309,2.368646,16.023809,7.120000,357,ENTRY
B310,2.051756,13.644821,7.060000,354,ENTRY
B311,3.346699,23.107926,7.280000,365,ENTRY
B312,3.077624,21.126109,7.220000,362,ENTRY
B313,2.862364,19.540656,7.220000,362,ENTRY
B314,2.657867,18.034475,7.200000,361,ENTRY
B315,2.453370,16.528294,7.180000,360,ENTRY
B316,3.384766,23.134171,7.280000,365,ENTRY
B317,3.253191,22.183230,7.260000,364,ENTRY
B318,2.979078,20.202104,7.260000,364,ENTRY
B319,2.759787,18.617203,7.240000,363,ENTRY
B320,2.354099,15.685136,7.200000,361,ENTRY
B321,3.445282,23.318638,7.360000,369,ENTRY
B322,3.177260,21.417437,7.300000,366,ENTRY
B323,2.965076,19.912320,7.300000,366,ENTRY
B324,2.752892,18.407202,7.280000,365,ENTRY
B325,2.261519,14.921668,7.220000,362,ENTRY
B326,3.461238,23.186026,7.360000,369,ENTRY
B327,3.176935,21.206336,7.340000,368,ENTRY
B328,2.960865,19.701772,7.340000,368,ENTRY
B329,2.460492,16.217518,7.280000,365,ENTRY
B330,1.857769,12.020575,7.080000,355,ENTRY
B331,3.383853,22.420058,7.380000,370,ENTRY
B332,3.163868,20.916061,7.380000,370,ENTRY
B333,2.874414,18.937118,7.360000,369,ENTRY
B334,2.654429,17.433121,7.340000,368,ENTRY
B335,2.260772,14.741758,7.280000,365,ENTRY
B336,3.561701,23.395287,7.440000,373,ENTRY
B337,3.267060,21.417109,7.420000,372,ENTRY
B338,2.972419,19.438932,7.400000,371,ENTRY
B339,2.465636,16.036466,7.360000,369,ENTRY
B340,3.648688,23.736792,7.520000,377,ENTRY
B341,3.456774,22.471261,7.460000,374,ENTRY
B342,3.252866,21.126634,7.460000,374,ENTRY
B343,2.964995,19.228337,7.440000,373,ENTRY
B344,2.569173,16.618179,7.420000,372,ENTRY
B345,2.053405,13.217064,7.280000,365,ENTRY
B346,3.652014,23.524380,7.520000,377,ENTRY
B347,3.371299,21.705919,7.500000,376,ENTRY
B348,3.078379,19.808395,7.500000,376,ENTRY
B349,2.663408,17.120236,7.460000,374,ENTRY
B350,2.260643,14.511140,7.400000,371,ENTRY
B351,3.666580,23.390979,7.560000,379,ENTRY
B352,3.467910,22.126490,7.540000,378,ENTRY
B353,3.256824,20.782972,7.540000,378,ENTRY
B354,2.871901,18.333026,7.520000,377,ENTRY
B355,2.251059,14.381500,7.420000,372,ENTRY
B356,3.756156,23.731477,7.600000,381,ENTRY
B357,3.465664,21.914553,7.580000,380,ENTRY
B358,3.250952,20.571609,7.580000,380,ENTRY
B359,2.872049,18.201707,7.560000,379,ENTRY
B360,2.556296,16.226789,7.520000,377,ENTRY
B361,3.847525,24.071485,7.640000,383,ENTRY
B362,3.577785,22.413281,7.620000,382,ENTRY
B363,3.256666,20.439228,7.620000,382,ENTRY
B364,2.974082,18.702062,7.600000,381,ENTRY
B365,2.652963,16.728010,7.560000,379,ENTRY
B366,1.856588,11.832360,7.220000,362,ENTRY
B367,3.770908,23.384945,7.680000,385,ENTRY
B368,3.561935,22.122118,7.660000,384,ENTRY
B369,3.261537,20.306806,7.660000,384,ENTRY
B370,2.869713,17.939006,7.620000,382,ENTRY
B371,2.255855,14.229454,7.520000,377,ENTRY
B372,3.863071,23.724412,7.720000,387,ENTRY
B373,3.570950,21.988824,7.700000,386,ENTRY
B374,3.358498,20.726578,7.700000,386,ENTRY
B375,3.053099,18.912100,7.680000,385,ENTRY
B376,2.654753,16.545389,7.640000,383,ENTRY
B377,3.970540,24.142222,7.760000,389,ENTRY
B378,3.673606,22.407451,7.740000,388,ENTRY
B379,3.457654,21.145799,7.740000,388,ENTRY
B380,2.971762,18.307083,7.720000,387,ENTRY
B381,2.566852,15.941486,7.660000,384,ENTRY
B382,4.080270,24.559435,7.840000,393,ENTRY
B383,3.874513,23.377206,7.800000,391,ENTRY
B384,3.655039,22.116163,7.780000,390,ENTRY
B385,3.270959,19.909336,7.760000,389,ENTRY
B386,2.955465,18.096586,7.740000,388,ENTRY
B387,1.954114,12.343074,7.400000,371,ENTRY
B388,3.969259,23.715617,7.840000,393,ENTRY
B389,3.760180,22.533971,7.820000,392,ENTRY
B390,3.453530,20.800891,7.820000,392,ENTRY
B391,3.160820,19.146587,7.800000,391,ENTRY
B392,2.463890,15.207769,7.720000,387,ENTRY
B393,4.164959,24.604653,7.880000,395,ENTRY
B394,3.952538,23.423604,7.880000,395,ENTRY
B395,3.683472,21.927608,7.860000,394,ENTRY
B396,3.357760,20.116666,7.840000,393,ENTRY
B397,2.762983,16.809728,7.800000,391,ENTRY
B398,2.154043,13.424053,7.620000,382,ENTRY
B399,3.962840,23.289093,7.920000,397,ENTRY
B400,3.660745,21.636477,7.900000,396,ENTRY
B401,3.272338,19.511685,7.880000,395,ENTRY
B402,2.955857,17.780373,7.860000,394,ENTRY
B403,2.653762,16.127758,7.820000,392,ENTRY
B404,4.264491,24.727625,7.960000,399,ENTRY
B405,3.986884,23.233190,7.960000,399,ENTRY
B406,3.753111,21.974719,7.940000,398,ENTRY
B407,3.373229,19.929703,7.920000,397,ENTRY
B408,2.964125,17.727379,7.900000,396,ENTRY
B409,4.351764,24.985240,8.000000,401,MID
B410,4.069852,23.491612,8.000000,401,MID
B411,3.773102,21.919371,7.980000,400,ENTRY
B412,3.550539,20.740191,7.980000,400,ENTRY
B413,3.060901,18.145995,7.940000,398,ENTRY
B414,2.452564,14.922902,7.840000,393,ENTRY
B415,4.273790,24.377312,8.040000,403,MID
B416,4.061813,23.277555,8.020000,402,MID
B417,3.668141,21.235149,8.020000,402,MID
B418,3.168481,18.642864,7.980000,400,ENTRY
B419,4.453038,25.103540,8.080000,405,MID
B420,4.157983,23.612452,8.060000,404,MID
B421,3.862928,22.121364,8.060000,404,MID
B422,3.055410,18.040493,7.980000,400,ENTRY
B423,4.272885,24.025024,8.100000,406,MID
B424,3.970456,22.535414,8.100000,406,MID
B425,3.461102,20.026598,8.040000,403,MID
B426,4.570739,25.298216,8.160000,409,MID
B427,4.358767,24.280047,8.160000,409,MID
B428,3.951129,22.322030,8.120000,407,MID
B429,4.663708,25.551571,8.240000,413,MID
B430,4.263056,23.673838,8.180000,410,MID
B431,3.762241,21.326673,8.140000,408,MID
B432,4.656223,25.335348,8.240000,413,MID
B433,4.365825,24.006714,8.220000,412,MID
B434,3.972935,22.209150,8.200000,411,MID
B435,3.562962,20.333430,8.140000,408,MID
B436,4.576232,24.807219,8.280000,415,MID
B437,4.174408,23.011631,8.260000,414,MID
B438,3.667761,20.747628,8.200000,411,MID
B439,4.758395,25.449902,8.320000,417,MID
B440,4.454792,24.124223,8.300000,416,MID
B441,4.061893,22.408638,8.280000,415,MID
B442,3.151083,18.431601,8.020000,402,MID
B443,4.672767,24.922660,8.360000,419,MID
B444,4.271323,23.209054,8.340000,418,MID
B445,3.851631,21.417558,8.300000,416,MID
B446,4.767763,25.174566,8.400000,421,MID
B447,4.376410,23.540784,8.380000,420,MID
B448,5.036012,26.125140,8.480000,425,MID
B449,4.788697,25.114974,8.440000,423,MID
B450,4.370163,23.405462,8.420000,422,MID
B451,3.856509,21.307425,8.360000,419,MID
B452,4.963855,25.676331,8.480000,425,MID
B453,4.653255,24.434587,8.460000,424,MID
B454,4.070879,22.106318,8.420000,422,MID
B455,5.163952,26.313715,8.560000,429,MID
B456,4.886741,25.228563,8.520000,427,MID
B457,4.352120,23.135771,8.480000,425,MID
B458,3.758097,20.810446,8.400000,421,MID
B459,5.168069,26.175269,8.560000,429,MID
B460,4.784480,24.704467,8.540000,428,MID
B461,4.057680,21.917683,8.500000,426,MID
B462,5.252640,26.346333,8.600000,431,MID
B463,4.861679,24.877473,8.580000,430,MID
B464,4.470718,23.408613,8.560000,429,MID
B465,3.750527,20.702818,8.460000,424,MID
B466,5.065918,25.513200,8.640000,433,MID
B467,4.772411,24.432342,8.620000,432,MID
B468,3.661280,20.340523,8.460000,424,MID
B469,5.062534,25.376162,8.660000,434,MID
B470,4.550076,23.525814,8.640000,433,MID
B471,4.165733,22.138053,8.600000,431,MID
B472,5.274698,26.009351,8.720000,437,MID
B473,5.057298,25.239457,8.700000,436,MID
B474,4.057261,21.697942,8.620000,432,MID
B475,5.492755,26.640683,8.760000,439,MID
B476,4.851065,24.411191,8.740000,438,MID
B477,4.474902,23.104247,8.720000,437,MID
B478,4.054484,21.643546,8.660000,434,MID
B479,5.491558,26.502445,8.800000,441,MID
B480,5.266414,25.734779,8.780000,440,MID
B481,5.694616,27.054416,8.880000,445,MID
B482,5.259493,25.598027,8.820000,442,MID
B483,4.755667,23.911682,8.800000,441,MID
B484,4.251840,22.225337,8.760000,439,MID
B485,3.450299,19.542516,8.340000,418,MID
B486,5.483598,26.227008,8.880000,445,MID
B487,4.971266,24.543227,8.860000,444,MID
B488,5.760927,27.006843,8.920000,447,MID
B489,5.358467,25.707757,8.900000,446,MID
B490,4.861311,24.103003,8.880000,445,MID
B491,4.151087,21.810497,8.800000,441,MID
B492,5.684767,26.639729,8.960000,449,MID
B493,4.866722,24.045658,8.920000,447,MID
B494,4.265219,22.138253,8.860000,444,MID
B495,5.873342,27.111640,9.000000,451,MID
B496,5.579992,26.197558,8.980000,450,MID
B497,5.262196,25.207303,8.980000,450,MID
B498,4.553266,22.998272,8.920000,447,MID
B499,5.172307,24.844203,9.020000,452,MID
B500,4.650851,23.247180,8.980000,450,MID
B501,4.154227,21.726205,8.880000,445,MID
B502,5.986050,27.215508,9.080000,455,MID
B503,5.759104,26.532210,9.080000,455,MID
B504,5.481725,25.697069,9.060000,454,MID
B505,5.153913,24.710084,9.040000,453,MID
B506,6.183317,27.683957,9.160000,459,MID
B507,5.056875,24.349061,9.080000,455,MID
B508,6.073058,27.242789,9.160000,459,MID
B509,5.683279,26.107856,9.140000,458,MID
B510,5.371457,25.199910,9.140000,458,MID
B511,4.150151,21.643787,8.960000,449,MID
B512,5.957875,26.803109,9.200000,461,MID
B513,5.166802,24.537231,9.160000,459,MID
B514,4.665789,23.102175,9.120000,457,MID
B515,6.185560,27.345083,9.240000,463,MID
B516,5.757518,26.138774,9.220000,462,MID
B517,5.356230,25.007860,9.200000,461,MID
B518,6.445430,27.960320,9.280000,465,MID
B519,6.174074,27.207747,9.280000,465,MID
B520,5.170056,24.423228,9.240000,463,MID
B521,6.463442,27.897182,9.320000,467,MID
B522,5.885560,26.319699,9.300000,466,MID
B523,5.555341,25.418280,9.300000,466,MID
B524,4.454613,22.413551,9.160000,459,MID
B525,6.285067,27.309387,9.360000,469,MID
B526,5.754961,25.884821,9.340000,468,MID
B527,5.057454,24.010392,9.300000,466,MID
B528,6.552778,27.921133,9.400000,471,MID
B529,5.958858,26.349618,9.380000,470,MID
B530,4.968990,23.730427,9.320000,467,MID
B531,6.654293,28.082350,9.440000,473,MID
B532,6.167021,26.812639,9.420000,472,MID
B533,5.479107,25.020106,9.400000,471,MID
B534,6.844141,28.466519,9.520000,477,MID
B535,6.553705,27.721102,9.480000,475,MID
B536,5.769525,25.708476,9.440000,473,MID
B537,4.956303,23.621308,9.380000,470,MID
B538,6.860927,28.402754,9.520000,477,MID
B539,6.184180,26.691727,9.500000,476,MID
B540,4.860112,23.344065,9.400000,471,MID
B541,6.757415,28.042235,9.560000,479,MID
B542,6.071940,26.334686,9.540000,478,MID
B543,5.654694,25.295308,9.520000,477,MID
B544,4.462564,22.325658,9.320000,467,MID
B545,6.589427,27.534986,9.580000,480,MID
B546,5.774507,25.534609,9.560000,479,MID
B547,7.149274,28.804224,9.680000,485,MID
B548,6.690865,27.695233,9.640000,483,MID
B549,6.079653,26.216578,9.620000,482,MID
B550,5.162835,23.998596,9.540000,478,MID
B551,7.071944,28.518775,9.680000,485,MID
B552,6.453176,27.043266,9.660000,484,MID
B553,5.772532,25.420206,9.640000,483,MID
B554,7.273108,28.897060,9.720000,487,MID
B555,6.678113,27.498353,9.700000,486,MID
B556,5.957856,25.805182,9.680000,485,MID
B557,4.955758,23.449466,9.580000,480,MID
B558,7.192486,28.612566,9.760000,489,MID
B559,6.558644,27.143469,9.740000,488,MID
B560,5.766342,25.307099,9.700000,486,MID
B561,7.268868,28.695756,9.800000,491,MID
B562,6.755780,27.523092,9.780000,490,MID
B563,6.050285,25.910679,9.760000,489,MID
B564,7.280789,28.632296,9.840000,493,MID
B565,6.956357,27.901034,9.820000,492,MID
B566,5.950618,25.634122,9.780000,490,MID
B567,4.750220,22.928453,9.580000,480,MID
B568,7.390089,28.787981,9.880000,495,MID
B569,6.766552,27.401762,9.860000,494,MID
B570,5.552295,24.702285,9.800000,491,MID
B571,7.566944,29.088507,9.920000,497,MID
B572,6.670770,27.123190,9.900000,496,MID
B573,7.780022,29.460221,10.000000,501,MID
B574,7.075162,27.935238,9.940000,498,MID
B575,6.370301,26.410256,9.920000,497,MID
B576,5.363358,24.231709,9.820000,492,MID
B577,7.657124,29.105687,10.000000,501,MID
B578,7.182003,28.091459,9.980000,500,MID
B579,6.163887,25.918111,9.940000,498,MID
B580,7.941885,29.620072,10.080000,505,MID
B581,7.290015,28.246949,10.020000,502,MID
B582,6.569528,26.729287,10.000000,501,MID
B583,5.059935,23.549424,9.800000,491,MID
B584,7.850032,29.338901,10.080000,505,MID
B585,7.156434,27.897055,10.060000,504,MID
B586,6.358797,26.238931,10.040000,503,MID
B587,8.105386,29.778228,10.160000,509,MID
B588,7.579635,28.699532,10.120000,507,MID
B589,6.563182,26.614053,10.080000,505,MID
B590,8.152326,29.784934,10.160000,509,MID
B591,7.656453,28.780688,10.160000,509,MID
B592,6.983482,27.417783,10.140000,508,MID
B593,5.566702,24.548509,10.020000,502,MID
B594,7.876839,29.147639,10.200000,511,MID
B595,7.268441,27.931312,10.180000,510,MID
B596,6.660042,26.714985,10.160000,509,MID
B597,6.051644,25.498658,10.120000,507,MID
B598,7.992113,29.298614,10.240000,513,MID
B599,6.979746,27.300437,10.200000,511,MID
B600,8.181575,29.591156,10.280000,515,MID
B601,7.378070,28.025276,10.260000,514,MID
B602,6.757179,26.815278,10.240000,513,MID
B603,8.484307,30.095108,10.320000,517,MID
B604,7.783413,28.746350,10.300000,516,MID
B605,6.676739,26.616732,10.260000,514,MID
B606,8.605551,30.242362,10.400000,521,MID
B607,7.972225,29.038826,10.340000,518,MID
B608,7.078118,27.339717,10.320000,517,MID
B609,5.662448,24.649460,10.180000,510,MID
B610,8.464585,29.894568,10.400000,521,MID
B611,8.050776,29.117933,10.380000,520,MID
B612,7.260779,27.635265,10.360000,519,MID
B613,5.455071,24.246310,10.120000,507,MID
B614,7.977803,28.914997,10.420000,522,MID
B615,6.952275,27.013973,10.400000,521,MID
B616,8.784272,30.328087,10.480000,525,MID
B617,8.055713,28.994070,10.460000,524,MID
B618,7.365499,27.730264,10.440000,523,MID
B619,8.869460,30.402976,10.520000,527,MID
B620,8.250148,29.282774,10.500000,526,MID
B621,7.669543,28.232585,10.500000,526,MID
B622,5.850313,24.941992,10.320000,517,MID
B623,8.681559,29.988738,10.560000,529,MID
B624,7.861133,28.522688,10.540000,528,MID
B625,6.454689,26.009460,10.460000,524,MID
B626,8.567858,29.716108,10.600000,531,MID
B627,7.266739,27.419004,10.560000,529,MID
B628,9.206905,30.763777,10.680000,535,MID
B629,8.490741,29.514493,10.620000,532,MID
B630,7.854151,28.404019,10.620000,532,MID
B631,6.660545,26.321880,10.540000,528,MID
B632,9.053469,30.421273,10.680000,535,MID
B633,8.571730,29.590895,10.660000,534,MID
B634,7.367382,27.514951,10.640000,533,MID
B635,9.382148,30.908690,10.760000,539,MID
B636,8.450601,29.321926,10.700000,536,MID
B637,7.681062,28.011121,10.680000,535,MID
B638,6.466001,25.941428,10.580000,530,MID
B639,9.061748,30.292665,10.760000,539,MID
B640,8.081152,28.641958,10.740000,538,MID
B641,6.773691,26.441016,10.660000,534,MID
B642,9.187961,30.434663,10.800000,541,MID
B643,8.569762,29.406154,10.780000,540,MID
B644,7.374577,27.417705,10.740000,538,MID
B645,9.564665,30.985908,10.840000,543,MID
B646,8.858019,29.823904,10.820000,542,MID
B647,7.777267,28.046723,10.800000,541,MID
B648,6.363975,25.722716,10.660000,534,MID
B649,9.192119,30.307212,10.880000,545,MID
B650,8.353708,28.944469,10.860000,544,MID
B651,7.473378,27.513589,10.820000,542,MID
B652,9.657643,30.991233,10.920000,547,MID
B653,8.854464,29.700767,10.900000,546,MID
B654,8.051285,28.410300,10.880000,545,MID
B655,9.788872,31.129258,10.960000,549,MID
B656,8.851152,29.639868,10.940000,548,MID
B657,7.274079,27.134985,10.880000,545,MID
B658,9.964137,31.333854,11.000000,551,MID
B659,9.190612,30.119252,10.980000,550,MID
B660,8.159246,28.499782,10.960000,549,MID
B661,10.097834,31.469836,11.080000,555,MID
B662,9.664609,30.797292,11.040000,553,MID
B663,8.581547,29.115931,11.020000,552,MID
B664,7.368516,27.232806,10.960000,549,MID
B665,9.664868,30.733516,11.080000,555,MID
B666,8.878802,29.526992,11.060000,554,MID
B667,7.262999,27.046915,10.980000,550,MID
B668,9.752136,30.803796,11.120000,557,MID
B669,8.959829,29.601362,11.100000,556,MID
B670,8.167521,28.398927,11.080000,555,MID
B671,10.283394,31.539349,11.160000,559,MID
B672,9.751041,30.740475,11.160000,559,MID
B673,9.085600,29.741881,11.140000,558,MID
B674,8.153983,28.343851,11.100000,556,MID
B675,6.956189,26.546383,10.980000,550,MID
B676,9.972464,31.009329,11.200000,561,MID
B677,8.765368,29.218095,11.160000,559,MID
B678,6.753542,26.232705,10.960000,549,MID
B679,10.151257,31.210222,11.240000,563,MID
B680,8.664585,29.028615,11.200000,561,MID
B681,10.467951,31.607338,11.280000,565,MID
B682,9.650879,30.421592,11.260000,564,MID
B683,8.879199,29.301721,11.240000,563,MID
B684,7.653591,27.523103,11.180000,560,MID
B685,9.965194,30.820130,11.300000,566,MID
B686,9.050513,29.507362,11.280000,565,MID
B687,7.266886,26.947465,11.160000,559,MID
B688,10.375419,31.346640,11.360000,569,MID
B689,9.453939,30.038635,11.340000,568,MID
B690,7.472758,27.226426,11.220000,562,MID
B691,10.465852,31.413210,11.400000,571,MID
B692,9.351946,29.849364,11.380000,570,MID
B693,8.052388,28.024878,11.320000,567,MID
B694,10.790380,31.803900,11.440000,573,MID
B695,10.089125,30.830123,11.420000,572,MID
B696,9.060617,29.401917,11.400000,571,MID
B697,11.118614,32.191680,11.520000,577,MID
B698,10.271052,31.027532,11.460000,574,MID
B699,8.952623,29.216636,11.440000,573,MID
B700,11.166000,32.189944,11.520000,577,MID
B701,10.359827,31.094643,11.500000,576,MID
B702,9.269122,29.612764,11.480000,575,MID
B703,11.308555,32.316571,11.600000,581,MID
B704,10.353436,31.032925,11.540000,578,MID
B705,9.684853,30.134372,11.540000,578,MID
B706,8.252175,28.208902,11.460000,574,MID
B707,11.259743,32.186472,11.600000,581,MID
B708,10.586502,31.291404,11.580000,580,MID
B709,9.480462,29.820936,11.560000,579,MID
B710,11.354522,32.248425,11.640000,583,MID
B711,10.579799,31.229502,11.620000,582,MID
B712,9.659816,30.019531,11.600000,581,MID
B713,8.061950,27.918002,11.520000,577,MID
B714,10.864616,31.548720,11.680000,585,MID
B715,10.084609,30.533837,11.660000,584,MID
B716,8.768347,28.821221,11.600000,581,MID
B717,11.250562,31.991788,11.720000,587,MID
B718,10.268973,30.728268,11.700000,586,MID
B719,8.551193,28.517107,11.620000,582,MID
B720,11.492550,32.242546,11.760000,589,MID
B721,10.455000,30.921225,11.740000,588,MID
B722,9.664485,29.914504,11.720000,587,MID
B723,11.687083,32.428605,11.800000,591,MID
B724,9.051202,29.107502,11.720000,587,MID
B725,7.559193,27.227632,11.500000,576,MID
B726,11.482761,32.113906,11.840000,593,MID
B727,10.781939,31.240266,11.820000,592,MID
B728,9.880881,30.117014,11.800000,591,MID
B729,11.778688,32.423257,11.880000,595,MID
B730,10.871801,31.304706,11.860000,594,MID
B731,9.763383,29.937588,11.840000,593,MID
B732,8.856496,28.819037,11.780000,590,MID
B733,12.178920,32.853768,11.960000,599,MID
B734,11.519753,32.049343,11.920000,597,MID
B735,10.759175,31.121161,11.900000,596,MID
B736,7.666161,27.346553,11.580000,580,MID
B737,11.766890,32.294775,11.960000,599,MID
B738,10.950469,31.308948,11.940000,598,MID
B739,9.062493,29.029222,11.860000,594,MID
B740,12.067607,32.599465,12.000000,601,MID
B741,10.167796,30.329593,11.960000,599,MID
B742,12.474507,33.023672,12.080000,605,MID
B743,11.389547,31.740994,12.020000,602,MID
B744,10.459582,30.641556,12.000000,601,MID
B745,8.857974,28.748080,11.920000,597,MID
B746,12.157766,32.592794,12.080000,605,MID
B747,11.066145,31.315780,12.060000,604,MID
B748,9.454705,29.430664,12.000000,601,MID
B749,12.463832,32.892204,12.120000,607,MID
B750,11.470175,31.741967,12.100000,606,MID
B751,10.162732,30.228497,12.080000,605,MID
B752,12.457037,32.827330,12.160000,609,MID
B753,11.667854,31.923344,12.140000,608,MID
B754,10.457774,30.537232,12.120000,607,MID
B755,8.353288,28.126602,11.900000,596,MID
B756,11.972951,32.223120,12.180000,610,MID
B757,10.755671,30.843327,12.160000,609,MID
B758,9.062064,28.923614,12.060000,604,MID
B759,12.174376,32.400768,12.240000,613,MID
B760,11.056402,31.146761,12.220000,612,MID
B761,8.554269,28.340174,12.000000,601,MID
B762,12.591531,32.814554,12.280000,615,MID
B763,11.681230,31.804132,12.260000,614,MID
B764,10.074817,30.021035,12.220000,612,MID
B765,12.366417,32.514600,12.320000,617,MID
B766,11.450866,31.508933,12.300000,616,MID
B767,10.266035,30.207481,12.260000,614,MID
B768,13.167002,33.336145,12.360000,619,MID
B769,12.625369,32.747389,12.360000,619,MID
B770,10.675488,30.627869,12.320000,617,MID
B771,13.322201,33.446717,12.400000,621,MID
B772,12.178345,32.216272,12.380000,620,MID
B773,10.871082,30.810050,12.360000,619,MID
B774,13.478278,33.556193,12.480000,625,MID
B775,12.875766,32.914805,12.440000,623,MID
B776,11.670742,31.632028,12.420000,622,MID
B777,10.356169,30.232636,12.360000,619,MID
B778,13.525073,33.548523,12.480000,625,MID
B779,12.258304,32.214021,12.460000,624,MID
B780,10.550920,30.415344,12.420000,622,MID
B781,13.571525,33.540896,12.520000,627,MID
B782,12.962361,32.905822,12.520000,627,MID
B783,11.467141,31.347003,12.480000,625,MID
B784,9.252000,29.037641,12.320000,617,MID
B785,12.169991,32.039755,12.540000,628,MID
B786,11.279133,31.120640,12.520000,627,MID
B787,13.663409,33.525783,12.600000,631,MID
B788,12.991681,32.839940,12.580000,630,MID
B789,12.375930,32.211249,12.580000,630,MID
B790,9.465110,29.239260,12.400000,621,MID
B791,13.146099,32.949694,12.640000,633,MID
B792,10.670021,30.447806,12.560000,629,MID
B793,9.769630,29.538029,12.480000,625,MID
B794,13.753943,33.510882,12.680000,635,MID
B795,13.075101,32.832079,12.660000,634,MID
B796,12.452829,32.209842,12.660000,634,MID
B797,11.660847,31.417905,12.640000,633,MID
B798,10.755725,30.512834,12.600000,631,MID
B799,14.139894,33.841146,12.720000,637,MID
B800,11.979051,31.702840,12.680000,635,MID
B801,13.957455,33.608167,12.760000,639,MID
B802,13.271572,32.936479,12.740000,638,MID
B803,11.956963,31.649078,12.720000,637,MID
B804,12.968076,32.598182,12.780000,640,MID
B805,12.163803,31.818730,12.760000,639,MID
B806,14.508396,34.035568,12.880000,645,MID
B807,13.988757,33.537195,12.840000,643,MID
B808,13.353643,32.928072,12.820000,642,MID
B809,11.159614,30.823830,12.760000,639,MID
B810,14.554725,34.025457,12.880000,645,MID
B811,12.988032,32.538489,12.860000,644,MID
B812,11.073185,30.721083,12.800000,641,MID
B813,14.367465,33.796329,12.920000,647,MID
B814,13.784343,33.248634,12.900000,646,MID
B815,12.384852,31.934167,12.880000,645,MID
B816,10.052367,29.743388,12.720000,637,MID
B817,13.884602,33.297382,12.940000,648,MID
B818,12.068094,31.608981,12.920000,647,MID
B819,9.958601,29.648257,12.720000,637,MID
B820,14.279515,33.616396,13.000000,651,MID
B821,12.984147,32.424918,12.980000,650,MID
B822,11.453257,31.016807,12.920000,647,MID
B823,14.914144,34.147206,13.040000,653,MID
B824,13.671739,33.016352,13.020000,652,MID
B825,12.665982,32.100899,13.000000,651,MID
B826,10.950280,30.539244,12.920000,647,MID
B827,14.365208,33.601096,13.080000,655,MID
B828,13.176362,32.530281,13.060000,654,MID
B829,15.243667,34.338793,13.160000,659,MID
B830,13.870087,33.114507,13.100000,656,MID
B831,12.854832,32.209600,13.080000,655,MID
B832,11.660414,31.145003,13.040000,653,MID
B833,15.169598,34.221155,13.160000,659,MID
B834,13.669652,32.898219,13.140000,658,MID
B835,11.569727,31.046108,13.060000,654,MID
B836,14.913270,33.947035,13.200000,661,MID
B837,14.069445,33.210585,13.180000,660,MID
B838,12.261249,31.632476,13.140000,658,MID
B839,15.380436,34.303608,13.240000,663,MID
B840,14.472232,33.519283,13.220000,662,MID
B841,13.564028,32.734958,13.220000,662,MID
B842,11.263244,30.748002,13.120000,657,MID
B843,15.364536,34.240063,13.280000,665,MID
B844,13.965698,33.044717,13.260000,664,MID
B845,11.958670,31.329655,13.200000,661,MID
B846,15.164495,34.022277,13.320000,667,MID
B847,13.759437,32.834250,13.300000,666,MID
B848,12.354378,31.646222,13.260000,664,MID
B849,15.452842,34.217807,13.360000,669,MID
B850,14.287034,33.242465,13.340000,668,MID
B851,13.059868,32.215790,13.320000,667,MID
B852,15.866258,34.512890,13.400000,671,MID
B853,14.818625,33.645673,13.380000,670,MID
B854,13.462864,32.523393,13.360000,669,MID
B855,16.096864,34.652126,13.480000,675,MID
B856,15.354172,34.043843,13.440000,673,MID
B857,14.363916,33.232798,13.420000,672,MID
B858,10.959911,30.444833,13.200000,661,MID
B859,15.769327,34.336210,13.480000,675,MID
B860,14.153301,33.026683,13.460000,674,MID
B861,12.661585,31.817889,13.400000,671,MID
B862,15.687977,34.224450,13.520000,677,MID
B863,14.065136,32.923379,13.500000,676,MID
B864,16.420070,34.760384,13.600000,681,MID
B865,15.354554,33.915237,13.540000,678,MID
B866,13.975650,32.821516,13.520000,677,MID
B867,11.969972,31.230650,13.420000,672,MID
B868,16.213496,34.548409,13.600000,681,MID
B869,14.262473,33.017426,13.580000,680,MID
B870,12.752004,31.832148,13.520000,677,MID
B871,16.383692,34.633505,13.640000,683,MID
B872,15.688566,34.093876,13.640000,683,MID
B873,15.056633,33.603304,13.620000,682,MID
B874,13.160834,32.131588,13.580000,680,MID
B875,16.554585,34.717380,13.680000,685,MID
B876,15.031817,33.547944,13.660000,684,MID
B877,13.064910,32.037423,13.600000,681,MID
B878,16.089144,34.316083,13.720000,687,MID
B879,14.942503,33.444984,13.700000,686,MID
B880,12.967732,31.944757,13.640000,683,MID
B881,16.578659,34.641139,13.760000,689,MID
B882,15.363529,33.727980,13.740000,688,MID
B883,13.764674,32.526455,13.700000,686,MID
B884,17.071366,34.961624,13.840000,693,MID
B885,16.108300,34.245730,13.800000,691,MID
B886,14.631599,33.148026,13.760000,689,MID
B887,17.180514,34.993173,13.880000,695,MID
B888,15.891457,34.045369,13.820000,692,MID
B889,14.473495,33.002785,13.800000,691,MID
B890,11.250853,30.633274,13.420000,672,MID
B891,16.772229,34.647728,13.880000,695,MID
B892,15.672337,33.847830,13.860000,694,MID
B893,13.860750,32.530350,13.820000,692,MID
B894,17.074574,34.820985,13.920000,697,MID
B895,15.970518,34.026844,13.900000,696,MID
B896,14.281961,32.812276,13.880000,695,MID
B897,17.508925,35.084388,14.000000,701,MID
B898,16.465922,34.342401,13.940000,698,MID
B899,14.771042,33.136672,13.920000,697,MID
B900,17.618707,35.113647,14.040000,703,MID
B901,16.768129,34.515218,14.000000,701,MID
B902,15.394118,33.548526,13.980000,700,MID
B903,13.365816,32.121504,13.900000,696,MID
B904,17.006285,34.639736,14.040000,703,MID
B905,16.086922,34.000070,14.020000,702,MID
B906,14.379535,32.812118,13.980000,700,MID
B907,17.772816,35.125093,14.080000,705,MID
B908,16.586497,34.308852,14.060000,704,MID
B909,15.334272,33.447266,14.040000,703,MID
B910,17.948950,35.197972,14.160000,709,MID
B911,17.089095,34.612950,14.120000,707,MID
B912,15.766242,33.712917,14.100000,706,MID
B913,13.451248,32.137860,14.000000,701,MID
B914,17.793811,35.046305,14.160000,709,MID
B915,16.267141,34.019232,14.140000,708,MID
B916,14.474964,32.813537,14.100000,706,MID
B917,17.370514,34.719610,14.200000,711,MID
B918,15.905107,33.744837,14.180000,710,MID
B919,13.174121,31.928215,14.040000,703,MID
B920,17.612071,34.837512,14.240000,713,MID
B921,16.408950,34.046248,14.220000,712,MID
B922,13.668507,32.243924,14.120000,707,MID
B923,17.787629,34.909841,14.280000,715,MID
B924,16.580388,34.124876,14.260000,714,MID
B925,14.769528,32.947428,14.220000,712,MID
B926,12.153840,31.246670,13.840000,693,MID
B927,17.560014,34.721352,14.320000,717,MID
B928,16.483279,34.029223,14.300000,716,MID
B929,14.464401,32.731483,14.240000,713,MID
B930,17.802938,34.836155,14.360000,719,MID
B931,16.249952,33.849325,14.340000,718,MID
B932,14.359360,32.647966,14.260000,714,MID
B933,18.588862,35.289398,14.400000,721,MID
B934,17.369461,34.523459,14.380000,720,MID
B935,16.082316,33.714969,14.360000,719,MID
B936,18.835630,35.397399,14.480000,725,MID
B937,17.884106,34.806635,14.440000,723,MID
B938,16.456820,33.920489,14.420000,722,MID
B939,14.078010,32.443579,14.320000,717,MID
B940,18.333357,35.043139,14.480000,725,MID
B941,17.037830,34.248149,14.460000,724,MID
B942,15.060445,33.034744,14.400000,721,MID
B943,18.716524,35.234021,14.520000,727,MID
B944,17.416858,34.445815,14.500000,726,MID
B945,15.569964,33.325733,14.460000,724,MID
B946,18.758449,35.215833,14.560000,729,MID
B947,17.454680,34.434432,14.540000,728,MID
B948,15.464717,33.241769,14.500000,726,MID
B949,19.281899,35.483154,14.640000,733,MID
B950,18.180563,34.830882,14.580000,730,MID
B951,16.666227,33.934007,14.560000,729,MID
B952,14.463555,32.629462,14.480000,725,MID
B953,18.565190,35.018253,14.640000,733,MID
B954,16.908094,34.048495,14.620000,732,MID
B955,14.974814,32.917111,14.540000,728,MID
B956,19.020889,35.242210,14.680000,735,MID
B957,17.774280,34.521399,14.660000,734,MID
B958,15.558088,33.239958,14.600000,731,MID
B959,19.617722,35.541332,14.760000,739,MID
B960,18.367362,34.827049,14.700000,736,MID
B961,16.978073,34.033402,14.680000,735,MID
B962,19.660190,35.520233,14.760000,739,MID
B963,18.266770,34.733861,14.740000,738,MID
B964,16.873350,33.947489,14.720000,737,MID
B965,15.270917,33.043161,14.660000,734,MID
B966,19.772217,35.538231,14.800000,741,EXIT
B967,18.654207,34.914971,14.780000,740,MID
B968,17.256694,34.135896,14.760000,739,MID
B969,19.463867,35.324116,14.840000,743,EXIT
B970,17.852064,34.436596,14.820000,742,EXIT
B971,15.679634,33.240373,14.760000,739,MID
B972,19.574871,35.343143,14.880000,745,EXIT
B973,18.450403,34.731609,14.860000,744,EXIT
B974,16.763702,33.814309,14.840000,743,EXIT
B975,20.179319,35.626558,14.960000,749,EXIT
B976,19.051669,35.020913,14.900000,746,EXIT
B977,17.360195,34.112446,14.880000,745,EXIT
B978,14.259157,32.446923,14.660000,734,MID
B979,19.161093,35.042099,14.940000,748,EXIT
B980,17.464890,34.142490,14.920000,747,EXIT
B981,14.072485,32.343272,14.640000,733,MID
B982,19.625081,35.248386,15.000000,751,EXIT
B983,18.065991,34.431784,14.980000,750,EXIT
B984,16.152563,33.429590,14.920000,747,EXIT
B985,19.664972,35.230163,15.040000,753,EXIT
B986,18.670231,34.715489,15.020000,752,EXIT
B987,16.751802,33.722902,14.980000,750,EXIT
B988,20.488324,35.612809,15.080000,755,EXIT
B989,18.992445,34.848122,15.060000,754,EXIT
B990,17.781495,34.229091,15.040000,753,EXIT
B991,14.860969,32.736132,14.880000,745,EXIT
B992,19.387448,35.014300,15.100000,756,EXIT
B993,16.674014,33.643578,15.060000,754,EXIT
B994,20.857729,35.713393,15.200000,761,EXIT
B995,20.070409,35.320293,15.160000,759,EXIT
B996,19.068366,34.819983,15.140000,758,EXIT
B997,17.923174,34.248202,15.120000,757,EXIT
B998,16.062236,33.319056,15.060000,754,EXIT
B999,20.397575,35.443575,15.200000,761,EXIT
B1000,19.178035,34.841643,15.180000,760,EXIT
B1001,21.085400,35.739997,15.280000,765,EXIT
B1002,19.647485,35.038283,15.220000,762,EXIT
B1003,17.562509,34.020798,15.200000,761,EXIT
B1004,15.765116,33.143656,15.120000,757,EXIT
B1005,20.479006,35.405179,15.280000,765,EXIT
B1006,19.110077,34.744548,15.260000,764,EXIT
B1007,17.452952,33.944836,15.240000,763,EXIT
B1008,15.363534,32.936504,15.140000,758,EXIT
B1009,20.230796,35.248576,15.300000,766,EXIT
B1010,18.281468,34.318136,15.280000,765,EXIT
B1011,15.176982,32.836323,15.160000,759,EXIT
B1012,21.138814,35.641197,15.360000,769,EXIT
B1013,20.053696,35.128831,15.340000,768,EXIT
B1014,18.389848,34.343204,15.320000,767,EXIT
B1015,15.857905,33.147685,15.240000,763,EXIT
B1016,20.962912,35.519017,15.400000,771,EXIT
B1017,19.730741,34.943384,15.380000,770,EXIT
B1018,17.773763,34.029143,15.360000,769,EXIT
B1019,15.454381,32.945599,15.260000,764,EXIT
B1020,21.076561,35.533160,15.440000,773,EXIT
B1021,19.551628,34.828193,15.420000,772,EXIT
B1022,16.066066,33.216840,15.340000,768,EXIT
B1023,21.626872,35.746710,15.480000,775,EXIT
B1024,20.681161,35.314007,15.460000,774,EXIT
B1025,19.662704,34.848019,15.460000,774,EXIT
B1026,18.571500,34.348746,15.440000,773,EXIT
B1027,17.698537,33.949327,15.440000,773,EXIT
B1028,21.887385,35.824591,15.560000,779,EXIT
B1029,19.482542,34.735402,15.500000,776,EXIT
B1030,16.859077,33.547197,15.440000,773,EXIT
B1031,21.564559,35.639262,15.560000,779,EXIT
B1032,20.469601,35.148278,15.540000,778,EXIT
B1033,17.768702,33.937185,15.520000,777,EXIT
B1034,13.753853,32.136910,14.740000,738,MID
B1035,20.289916,35.034869,15.580000,780,EXIT
B1036,19.412515,34.645296,15.580000,780,EXIT
B1037,17.365246,33.736291,15.540000,778,EXIT
B1038,14.659926,32.535107,15.360000,769,EXIT
B1039,21.500930,35.535046,15.640000,783,EXIT
B1040,20.622138,35.148620,15.620000,782,EXIT
B1041,18.571623,34.246960,15.600000,781,EXIT
B1042,15.569084,32.926672,15.500000,776,EXIT
B1043,22.055424,35.739641,15.680000,785,EXIT
B1044,20.661867,35.132681,15.660000,784,EXIT
B1045,19.268311,34.525721,15.660000,784,EXIT
B1046,16.774578,33.439582,15.600000,781,EXIT
B1047,22.391020,35.845855,15.720000,787,EXIT
B1048,20.995391,35.243675,15.700000,786,EXIT
B1049,19.379400,34.546413,15.700000,786,EXIT
B1050,17.469593,33.722377,15.660000,784,EXIT
B1051,14.751790,32.549710,15.520000,777,EXIT
B1052,21.771103,35.541531,15.760000,789,EXIT
B1053,20.373465,34.944031,15.740000,788,EXIT
B1054,18.975826,34.346531,15.720000,787,EXIT
B1055,17.063268,33.528899,15.700000,786,EXIT
B1056,22.106865,35.647487,15.800000,791,EXIT
B1057,19.749663,34.648889,15.780000,790,EXIT
B1058,18.055424,33.931147,15.760000,789,EXIT
B1059,14.077645,32.246013,15.460000,774,EXIT
B1060,21.927034,35.534964,15.840000,793,EXIT
B1061,20.746840,35.039444,15.820000,792,EXIT
B1062,19.050310,34.327134,15.800000,791,EXIT
B1063,16.173585,33.119303,15.740000,788,EXIT
B1064,22.263574,35.639213,15.880000,795,EXIT
B1065,20.786398,35.024437,15.860000,794,EXIT
B1066,19.161504,34.348183,15.840000,793,EXIT
B1067,17.241174,33.548974,15.820000,792,EXIT
B1068,22.600816,35.741838,15.920000,797,EXIT
B1069,20.899906,35.040052,15.900000,796,EXIT
B1070,18.977137,34.246729,15.880000,795,EXIT
B1071,16.758558,33.331356,15.840000,793,EXIT
B1072,23.160862,35.933760,16.000000,801,EXIT
B1073,21.976163,35.449107,15.940000,798,EXIT
B1074,20.495290,34.843290,15.940000,798,EXIT
B1075,18.792285,34.146602,15.920000,797,EXIT
B1076,17.089280,33.449913,15.880000,795,EXIT
B1077,23.277291,35.942408,16.040000,803,EXIT
B1078,21.794650,35.340930,15.980000,800,EXIT
B1079,20.312009,34.739453,15.980000,800,EXIT
B1080,18.606971,34.047754,15.960000,799,EXIT
B1081,14.381444,32.333544,15.780000,790,EXIT
B1082,22.577420,35.622384,16.040000,803,EXIT
B1083,21.389934,35.144600,16.020000,802,EXIT
B1084,19.386052,34.338340,16.000000,801,EXIT
B1085,16.862644,33.323049,15.960000,799,EXIT
B1086,23.436133,35.929469,16.080000,805,EXIT
B1087,21.950110,35.336396,16.060000,804,EXIT
B1088,20.464086,34.743324,16.060000,804,EXIT
B1089,18.383654,33.913023,16.040000,803,EXIT
B1090,16.451824,33.142029,16.000000,801,EXIT
B1091,23.552761,35.937746,16.120000,807,EXIT
B1092,22.288266,35.437094,16.100000,806,EXIT
B1093,20.800625,34.848091,16.100000,806,EXIT
B1094,19.015456,34.141288,16.080000,805,EXIT
B1095,15.965792,32.933832,16.020000,802,EXIT
B1096,23.371636,35.828832,16.160000,809,EXIT
B1097,21.882424,35.243812,16.140000,808,EXIT
B1098,20.616594,34.746546,16.140000,808,EXIT
B1099,19.052922,34.132275,16.120000,807,EXIT
B1100,15.776655,32.845232,16.060000,804,EXIT
B1101,23.786272,35.953737,16.200000,811,EXIT
B1102,22.220990,35.343580,16.180000,810,EXIT
B1103,20.655707,34.733422,16.180000,810,EXIT
B1104,18.121441,33.745549,16.140000,808,EXIT
B1105,23.977714,35.990302,16.280000,815,EXIT
B1106,22.783904,35.528549,16.220000,812,EXIT
B1107,21.515480,35.037935,16.220000,812,EXIT
B1108,19.202472,34.143288,16.200000,811,EXIT
B1109,16.889465,33.248640,16.160000,809,EXIT
B1110,24.094654,35.997622,16.320000,817,EXIT
B1111,22.078069,35.223681,16.260000,814,EXIT
B1112,20.285549,34.535734,16.240000,813,EXIT
B1113,19.015847,34.048438,16.240000,813,EXIT
B1114,15.878937,32.844530,16.180000,810,EXIT
B1115,24.211627,36.004756,16.360000,819,EXIT
B1116,23.538761,35.748528,16.320000,817,EXIT
B1117,22.193031,35.236073,16.300000,816,EXIT
B1118,19.576334,34.239632,16.280000,815,EXIT
B1119,17.183925,33.328601,16.240000,813,EXIT
B1120,24.328631,36.011708,16.400000,821,EXIT
B1121,23.056411,35.531026,16.340000,818,EXIT
B1122,21.185499,34.824140,16.340000,818,EXIT
B1123,19.913278,34.343458,16.320000,817,EXIT
B1124,16.470799,33.042789,16.260000,814,EXIT
B1125,24.220939,35.934237,16.400000,821,EXIT
B1126,22.647840,35.344525,16.380000,820,EXIT
B1127,20.475466,34.530160,16.360000,819,EXIT
B1128,18.378001,33.743878,16.340000,818,EXIT
B1129,17.254359,33.322655,16.320000,817,EXIT
B1130,24.562733,36.025082,16.480000,825,EXIT
B1131,22.988118,35.439431,16.420000,822,EXIT
B1132,21.938374,35.048998,16.420000,822,EXIT
B1133,19.463979,34.128691,16.400000,821,EXIT
B1134,16.764638,33.124719,16.340000,818,EXIT
B1135,24.379616,35.920731,16.480000,825,EXIT
B1136,23.328872,35.532999,16.460000,824,EXIT
B1137,21.677702,34.923706,16.460000,824,EXIT
B1138,20.101586,34.342107,16.440000,823,EXIT
B1139,18.450416,33.732814,16.420000,822,EXIT
B1140,24.796953,36.037776,16.560000,829,EXIT
B1141,22.618360,35.240198,16.500000,826,EXIT
B1142,20.665138,34.525127,16.480000,825,EXIT
B1143,17.660182,33.425020,16.440000,823,EXIT
B1144,14.955721,32.434922,16.340000,818,EXIT
B1145,23.786197,35.634216,16.540000,828,EXIT
B1146,22.883870,35.306487,16.540000,828,EXIT
B1147,20.477666,34.432543,16.520000,827,EXIT
B1148,18.597818,33.749774,16.500000,826,EXIT
B1149,14.161378,32.138439,16.300000,816,EXIT
B1150,23.601285,35.534554,16.580000,830,EXIT
B1151,21.945496,34.937928,16.580000,830,EXIT
B1152,19.461813,34.042989,16.540000,828,EXIT
B1153,16.677076,33.039572,16.480000,825,EXIT
B1154,25.073159,36.028681,16.640000,833,EXIT
B1155,23.415863,35.436254,16.620000,832,EXIT
B1156,21.758567,34.843827,16.620000,832,EXIT
B1157,19.799945,34.143686,16.600000,831,EXIT
B1158,15.882700,32.743403,16.480000,825,EXIT
B1159,25.190323,36.034509,16.680000,835,EXIT
B1160,24.285531,35.713650,16.660000,834,EXIT
B1161,23.229939,35.339315,16.660000,834,EXIT
B1162,20.666360,34.430215,16.640000,833,EXIT
B1163,17.876583,33.440900,16.600000,831,EXIT
B1164,25.307513,36.040188,16.720000,837,EXIT
B1165,23.571786,35.429572,16.700000,836,EXIT
B1166,21.609660,34.739309,16.680000,835,EXIT
B1167,19.647534,34.049047,16.660000,834,EXIT
B1168,25.424728,36.045722,16.760000,839,EXIT
B1169,23.385347,35.334017,16.740000,838,EXIT
B1170,22.478956,35.017703,16.740000,838,EXIT
B1171,21.119368,34.543233,16.720000,837,EXIT
B1172,18.777856,33.726090,16.680000,835,EXIT
B1173,25.617566,36.077285,16.840000,843,EXIT
B1174,24.332398,35.632379,16.780000,840,EXIT
B1175,21.762061,34.742565,16.760000,839,EXIT
B1176,20.628089,34.350000,16.760000,839,EXIT
B1177,17.679762,33.329331,16.700000,836,EXIT
B1178,25.583569,36.030385,16.840000,843,EXIT
B1179,24.675615,35.718587,16.820000,842,EXIT
B1180,22.405727,34.939092,16.820000,842,EXIT
B1181,20.060177,34.133614,16.780000,840,EXIT
B1182,16.579684,32.938388,16.700000,836,EXIT
B1183,25.700793,36.035690,16.880000,845,EXIT
B1184,24.186255,35.519771,16.860000,844,EXIT
B1185,23.353259,35.236015,16.860000,844,EXIT
B1186,21.611539,34.642707,16.840000,843,EXIT
B1187,18.658189,33.636664,16.800000,841,EXIT
B1188,14.568935,32.243680,16.540000,828,EXIT
B1189,25.211719,35.835987,16.900000,846,EXIT
B1190,22.862223,35.042093,16.900000,846,EXIT
B1191,21.952741,34.734780,16.880000,845,EXIT
B1192,17.253748,33.146993,16.800000,841,EXIT
B1193,25.328490,35.842516,16.940000,848,EXIT
B1194,22.066822,34.749300,16.920000,847,EXIT
B1195,21.156589,34.444216,16.920000,847,EXIT
B1196,16.377867,32.842528,16.780000,840,EXIT
B1197,26.204436,36.101297,17.040000,853,EXIT
B1198,24.837974,35.647005,16.980000,850,EXIT
B1199,23.319683,35.142235,16.980000,850,EXIT
B1200,20.283101,34.132696,16.940000,848,EXIT
B1201,18.764810,33.627926,16.920000,847,EXIT
B1202,26.093948,36.030557,17.020000,852,EXIT
B1203,24.574436,35.529477,17.020000,852,EXIT
B1204,23.054923,35.028396,17.000000,851,EXIT
B1205,17.356752,33.149343,16.900000,846,EXIT
B1206,25.602939,35.836448,17.060000,854,EXIT
B1207,24.082220,35.339042,17.060000,854,EXIT
B1208,22.561501,34.841636,17.040000,853,EXIT
B1209,21.877177,34.617803,17.040000,853,EXIT
B1210,20.432494,34.145267,17.020000,852,EXIT
B1211,18.911775,33.647861,16.980000,850,EXIT
B1212,26.024146,35.941395,17.100000,856,EXIT
B1213,24.502234,35.447649,17.100000,856,EXIT
B1214,20.773551,34.237971,17.060000,854,EXIT
B1215,19.251640,33.744224,17.040000,853,EXIT
B1216,25.455844,35.726196,17.140000,858,EXIT
B1217,23.018901,34.942034,17.120000,857,EXIT
B1218,18.982714,33.643266,17.060000,854,EXIT
B1219,16.469617,32.834599,16.940000,848,EXIT
B1220,26.791835,36.122235,17.240000,863,EXIT
B1221,25.572433,35.733058,17.180000,860,EXIT
B1222,24.581669,35.416852,17.180000,860,EXIT
B1223,23.362267,35.027675,17.160000,859,EXIT
B1224,20.923462,34.249322,17.140000,858,EXIT
B1225,25.383972,35.643228,17.220000,862,EXIT
B1226,23.172140,34.943087,17.200000,861,EXIT
B1227,21.875549,34.532659,17.180000,860,EXIT
B1228,20.578957,34.122232,17.180000,860,EXIT
B1229,19.358636,33.735947,17.140000,858,EXIT
B1230,26.721625,36.033974,17.260000,864,EXIT
B1231,24.508147,35.339052,17.260000,864,EXIT
B1232,20.081192,33.949209,17.200000,861,EXIT
B1233,16.570158,32.846919,17.040000,853,EXIT
B1234,26.533446,35.943194,17.300000,866,EXIT
B1235,24.623875,35.348603,17.300000,866,EXIT
B1236,21.415796,34.349691,17.260000,864,EXIT
B1237,26.650599,35.948157,17.340000,868,EXIT
B1238,25.656903,35.641289,17.340000,868,EXIT
B1239,24.663207,35.334421,17.340000,868,EXIT
B1240,23.669510,35.027553,17.320000,867,EXIT
B1241,22.446500,34.649870,17.320000,867,EXIT
B1242,20.764860,34.130555,17.280000,865,EXIT
B1243,19.159658,33.634846,17.240000,863,EXIT
B1244,16.255008,32.737847,17.060000,854,EXIT
B1245,25.773369,35.648454,17.380000,870,EXIT
B1246,22.484179,34.641067,17.340000,868,EXIT
B1247,18.583047,33.446259,17.260000,864,EXIT
B1248,26.502242,35.841512,17.420000,872,EXIT
B1249,24.205840,35.143987,17.400000,871,EXIT
B1250,27.614998,36.147015,17.520000,877,EXIT
B1251,25.623399,35.547070,17.460000,874,EXIT
B1252,22.636001,34.647152,17.420000,872,EXIT
B1253,20.644402,34.047206,17.400000,871,EXIT
B1254,18.652804,33.447261,17.340000,868,EXIT
B1255,16.661205,32.847315,17.200000,861,EXIT
B1256,27.042792,35.944068,17.500000,876,EXIT
B1257,25.663047,35.531874,17.500000,876,EXIT
B1258,24.359954,35.142580,17.480000,875,EXIT
B1259,23.286819,34.821985,17.480000,875,EXIT
B1260,21.677117,34.341092,17.460000,874,EXIT
B1261,27.773643,36.130499,17.560000,879,EXIT
B1262,26.776486,35.835070,17.540000,878,EXIT
B1263,25.088990,35.335112,17.520000,877,EXIT
B1264,22.097520,34.448824,17.500000,876,EXIT
B1265,26.893470,35.840469,17.580000,880,EXIT
B1266,23.516226,34.848187,17.560000,879,EXIT
B1267,20.062226,33.833354,17.480000,875,EXIT
B1268,18.373604,33.337213,17.420000,872,EXIT
B1269,27.701735,36.047182,17.620000,882,EXIT
B1270,25.627971,35.442944,17.600000,881,EXIT
B1271,23.554207,34.838705,17.600000,881,EXIT
B1272,22.171698,34.435879,17.580000,880,EXIT
B1273,28.203498,36.161877,17.720000,887,EXIT
B1274,26.358957,35.628899,17.660000,884,EXIT
B1275,25.282974,35.317995,17.640000,883,EXIT
B1276,23.284720,34.740602,17.620000,882,EXIT
B1277,28.244343,36.142556,17.720000,887,EXIT
B1278,27.167672,35.834046,17.700000,886,EXIT
B1279,25.783380,35.437389,17.680000,885,EXIT
B1280,23.014797,34.644075,17.660000,884,EXIT
B1281,20.169308,33.828725,17.600000,881,EXIT
B1282,28.439014,36.167228,17.800000,891,EXIT
B1283,27.284710,35.839231,17.740000,888,EXIT
B1284,24.129612,34.942708,17.720000,887,EXIT
B1285,21.974910,34.330449,17.680000,885,EXIT
B1286,28.556797,36.169783,17.840000,893,EXIT
B1287,26.708761,35.649050,17.780000,890,EXIT
B1288,24.475717,35.019831,17.760000,889,EXIT
B1289,22.781684,34.542492,17.740000,888,EXIT
B1290,28.674594,36.172262,17.880000,895,EXIT
B1291,26.440181,35.547924,17.800000,891,EXIT
B1292,25.284450,35.224991,17.800000,891,EXIT
B1293,21.432014,34.148546,17.740000,888,EXIT
B1294,19.274649,33.545737,17.660000,884,EXIT
B1295,27.558883,35.832881,17.860000,894,EXIT
B1296,26.479548,35.533821,17.840000,893,EXIT
B1297,23.627021,34.743448,17.820000,892,EXIT
B1298,21.082876,34.038520,17.760000,889,EXIT
B1299,28.678813,36.113409,17.900000,896,EXIT
B1300,26.981705,35.647121,17.900000,896,EXIT
B1301,23.973195,34.820521,17.860000,894,EXIT
B1302,21.890380,34.248259,17.820000,892,EXIT
B1303,29.028081,36.179250,18.000000,901,EXIT
B1304,27.407162,35.737637,17.940000,898,EXIT
B1305,25.245937,35.148819,17.920000,897,EXIT
B1306,23.393459,34.644118,17.900000,896,EXIT
B1307,20.074435,33.739862,17.800000,891,EXIT
B1308,27.910240,35.847606,17.980000,900,EXIT
B1309,26.056688,35.346859,17.960000,899,EXIT
B1310,22.735742,34.449689,17.920000,897,EXIT
B1311,29.263815,36.183554,18.080000,905,EXIT
B1312,27.950134,35.831644,18.020000,902,EXIT
B1313,26.481901,35.438334,18.000000,901,EXIT
B1314,23.468160,34.631013,17.960000,899,EXIT
B1315,19.758941,33.637387,17.860000,894,EXIT
B1316,28.840473,36.041841,18.060000,904,EXIT
B1317,26.984820,35.548939,18.040000,903,EXIT
B1318,24.665253,34.932813,18.020000,902,EXIT
B1319,20.953947,33.947010,17.940000,898,EXIT
B1320,29.344886,36.146837,18.100000,906,EXIT
B1321,27.797651,35.739327,18.080000,905,EXIT
B1322,25.476798,35.128063,18.060000,904,EXIT
B1323,22.072881,34.231542,18.020000,902,EXIT
B1324,29.462720,36.149079,18.140000,908,EXIT
B1325,27.914640,35.744793,18.120000,907,EXIT
B1326,26.366559,35.340507,18.120000,907,EXIT
B1327,22.186742,34.248935,18.060000,904,EXIT
B1328,29.735462,36.191364,18.240000,913,EXIT
B1329,26.869971,35.449365,18.160000,909,EXIT
B1330,24.933829,34.948014,18.140000,908,EXIT
B1331,23.384915,34.546934,18.120000,907,EXIT
B1332,18.350945,33.243421,17.840000,893,EXIT
B1333,29.233516,36.034002,18.220000,912,EXIT
B1334,27.683780,35.636109,18.200000,911,EXIT
B1335,21.872271,34.144008,18.120000,907,EXIT
B1336,29.738790,36.135686,18.260000,914,EXIT
B1337,28.575881,35.839643,18.240000,913,EXIT
B1338,26.637699,35.346237,18.240000,913,EXIT
B1339,23.459080,34.537051,18.200000,911,EXIT
B1340,30.089349,36.196572,18.360000,919,EXIT
B1341,28.693139,35.844155,18.280000,915,EXIT
B1342,26.676391,35.335108,18.280000,915,EXIT
B1343,23.961538,34.649853,18.240000,913,EXIT
B1344,30.207339,36.198191,18.400000,921,EXIT
B1345,27.956748,35.634950,18.320000,917,EXIT
B1346,26.016584,35.149397,18.300000,916,EXIT
B1347,23.610780,34.547312,18.260000,914,EXIT
B1348,30.325344,36.199754,18.440000,923,EXIT
B1349,28.461855,35.737360,18.360000,919,EXIT
B1350,26.054848,35.140101,18.340000,918,EXIT
B1351,20.852608,33.849251,18.200000,911,EXIT
B1352,28.967374,35.838141,18.400000,921,EXIT
B1353,26.481498,35.226568,18.380000,920,EXIT
B1354,22.908051,34.347432,18.320000,917,EXIT
B1355,30.561395,36.202717,18.520000,927,EXIT
B1356,29.084690,35.842519,18.440000,923,EXIT
B1357,27.063936,35.349616,18.420000,922,EXIT
B1358,24.965461,34.837755,18.400000,921,EXIT
B1359,20.069018,33.643413,18.220000,912,EXIT
B1360,29.590823,35.940851,18.480000,925,EXIT
B1361,26.713760,35.245070,18.460000,924,EXIT
B1362,22.981355,34.342435,18.400000,921,EXIT
B1363,30.486321,36.130859,18.540000,928,EXIT
B1364,28.463649,35.645884,18.520000,927,EXIT
B1365,26.363183,35.142256,18.500000,926,EXIT
B1366,24.262717,34.638628,18.460000,924,EXIT
B1367,30.915574,36.206771,18.640000,933,EXIT
B1368,28.969796,35.744226,18.560000,929,EXIT
B1369,25.623058,34.948648,18.520000,927,EXIT
B1370,22.665476,34.245579,18.460000,924,EXIT
B1371,30.722194,36.134617,18.620000,932,EXIT
B1372,28.619794,35.639122,18.600000,931,EXIT
B1373,26.050195,35.033516,18.560000,929,EXIT
B1374,31.151761,36.209227,18.720000,937,EXIT
B1375,29.983236,35.936191,18.640000,933,EXIT
B1376,27.022972,35.244498,18.620000,932,EXIT
B1377,22.270970,34.134149,18.500000,926,EXIT
B1378,30.880193,36.120114,18.700000,936,EXIT
B1379,28.775917,35.632652,18.680000,935,EXIT
B1380,25.814342,34.946594,18.640000,933,EXIT
B1381,22.774831,34.242482,18.560000,929,EXIT
B1382,29.750627,35.835454,18.720000,937,EXIT
B1383,28.035284,35.441505,18.700000,936,EXIT
B1384,25.384298,34.832675,18.680000,935,EXIT
B1385,19.770446,33.543386,18.360000,919,EXIT
B1386,29.868064,35.839597,18.760000,939,EXIT
B1387,26.825921,35.146943,18.740000,938,EXIT
B1388,22.379713,34.134604,18.620000,932,EXIT
B1389,30.453744,35.949365,18.800000,941,EXIT
B1390,28.658901,35.544224,18.780000,940,EXIT
B1391,25.069215,34.733942,18.740000,938,EXIT
B1392,19.372540,33.448061,18.300000,916,EXIT
B1393,30.103007,35.847693,18.840000,943,EXIT
B1394,27.370587,35.236235,18.820000,942,EXIT
B1395,23.779406,34.432605,18.740000,938,EXIT
B1396,31.782536,36.198180,18.920000,947,EXIT
B1397,29.673805,35.730363,18.880000,945,EXIT
B1398,27.486973,35.245219,18.860000,944,EXIT
B1399,23.894320,34.448198,18.780000,940,EXIT
B1400,31.588166,36.130485,18.920000,947,EXIT
B1401,29.400450,35.649339,18.920000,947,EXIT
B1402,26.665806,35.047906,18.880000,945,EXIT
B1403,23.462366,34.343370,18.800000,941,EXIT
B1404,30.846413,35.944590,18.960000,949,EXIT
B1405,27.641700,35.245869,18.920000,947,EXIT
B1406,22.561056,34.138141,18.780000,940,EXIT
B1407,30.885946,35.930763,19.000000,951,EXIT
B1408,29.087477,35.542038,18.980000,950,EXIT
B1409,25.412343,34.747688,18.920000,947,EXIT
B1410,31.942357,36.135056,19.040000,953,EXIT
B1411,28.735154,35.447852,19.020000,952,EXIT
B1412,26.857767,35.045586,19.000000,951,EXIT
B1413,22.164300,34.039921,18.820000,942,EXIT
B1414,31.590926,36.036762,19.080000,955,EXIT
B1415,28.773777,35.438370,19.060000,954,EXIT
B1416,22.669955,34.141853,18.880000,945,EXIT
B1417,31.239159,35.940086,19.120000,957,EXIT
B1418,29.282075,35.527989,19.100000,956,EXIT
B1419,27.481558,35.148860,19.080000,955,EXIT
B1420,23.175974,34.242248,18.940000,948,EXIT
B1421,31.826809,36.041169,19.160000,959,EXIT
B1422,29.947318,35.648850,19.140000,958,EXIT
B1423,24.152222,34.439200,19.020000,952,EXIT
B1424,31.944777,36.043305,19.200000,961,EXIT
B1425,29.516223,35.540786,19.180000,960,EXIT
B1426,27.087669,35.038266,19.140000,958,EXIT
B1427,32.924813,36.222220,19.320000,967,EXIT
B1428,30.573763,35.739974,19.220000,962,EXIT
B1429,27.203924,35.048753,19.180000,960,EXIT
B1430,20.856088,33.746687,18.760000,939,EXIT
B1431,31.161617,35.840219,19.280000,965,EXIT
B1432,29.201722,35.441710,19.260000,964,EXIT
B1433,25.281931,34.644690,19.180000,960,EXIT
B1434,33.083009,36.207518,19.360000,969,EXIT
B1435,30.808746,35.749121,19.300000,966,EXIT
B1436,28.299215,35.243303,19.280000,965,EXIT
B1437,21.868540,33.947145,18.980000,950,EXIT
B1438,31.396972,35.847650,19.340000,968,EXIT
B1439,27.866745,35.142315,19.300000,966,EXIT
B1440,23.865821,34.342935,19.180000,960,EXIT
B1441,32.377915,36.022251,19.400000,971,EXIT
B1442,29.474314,35.447184,19.360000,969,EXIT
B1443,25.942908,34.747780,19.300000,966,EXIT
B1444,32.574433,36.039805,19.440000,973,EXIT
B1445,30.062385,35.546639,19.420000,972,EXIT
B1446,26.451315,34.837713,19.340000,968,EXIT
B1447,32.692492,36.041777,19.480000,975,EXIT
B1448,29.080253,35.338830,19.440000,973,EXIT
B1449,25.468015,34.635883,19.360000,969,EXIT
B1450,33.360430,36.149776,19.520000,977,EXIT
B1451,31.789392,35.846728,19.500000,976,EXIT
B1452,29.197178,35.346700,19.480000,975,EXIT
B1453,24.484062,34.437558,19.340000,968,EXIT
B1454,31.357127,35.745118,19.540000,978,EXIT
B1455,28.685525,35.234296,19.500000,976,EXIT
B1456,33.989976,36.226218,19.680000,985,EXIT
B1457,31.474751,35.749518,19.580000,980,EXIT
B1458,28.252118,35.138746,19.540000,978,EXIT
B1459,24.086277,34.349212,19.380000,970,EXIT
B1460,33.086266,36.034500,19.640000,983,EXIT
B1461,30.491653,35.547076,19.600000,981,EXIT
B1462,23.572684,34.247276,19.360000,969,EXIT
B1463,32.181957,35.846020,19.660000,984,EXIT
B1464,28.957384,35.245579,19.620000,982,EXIT
B1465,25.182274,34.542623,19.500000,976,EXIT
B1466,32.771817,35.936628,19.700000,986,EXIT
B1467,30.096995,35.442939,19.680000,985,EXIT
B1468,34.463686,36.227253,19.840000,993,EXIT
B1469,31.788091,35.737773,19.740000,988,EXIT
B1470,29.112496,35.248292,19.700000,986,EXIT
B1471,26.358207,34.744415,19.620000,982,EXIT
B1472,33.558829,36.041891,19.780000,990,EXIT
B1473,31.905786,35.742146,19.780000,990,EXIT
B1474,29.150713,35.242571,19.740000,988,EXIT
B1475,32.574673,35.845526,19.820000,992,EXIT
B1476,28.086585,35.038887,19.740000,988,EXIT
B1477,22.574898,34.048278,19.320000,967,EXIT
B1478,32.692566,35.848943,19.860000,994,EXIT
B1479,29.305883,35.245636,19.820000,992,EXIT
B1480,26.470521,34.740542,19.740000,988,EXIT
B1481,34.386108,36.130516,19.920000,997,EXIT
B1482,31.628759,35.643662,19.880000,995,EXIT
B1483,25.956498,34.642134,19.740000,988,EXIT
B1484,34.031647,36.048707,19.940000,998,EXIT
B1485,30.012725,35.345383,19.900000,996,EXIT
B1486,23.156917,34.145594,19.480000,975,EXIT
B1487,32.967545,35.845244,19.980000,1000,EXIT
B1488,30.681677,35.448753,19.940000,998,EXIT
B1489,25.479355,34.546394,19.780000,990,EXIT
B1490,33.085499,35.848595,20.020000,1002,EXIT
B1491,28.985643,35.143767,19.940000,998,EXIT
B1492,35.411647,36.228151,20.160000,1009,EXIT
B1493,32.572566,35.744400,20.040000,1003,EXIT
B1494,28.471670,35.045649,19.980000,1000,EXIT
B1495,35.056894,36.148234,20.100000,1006,EXIT
B1496,32.690402,35.748589,20.080000,1005,EXIT
B1497,30.323910,35.348944,20.060000,1004,EXIT
B1498,24.959862,34.443081,19.820000,992,EXIT
B1499,33.281675,35.831965,20.120000,1007,EXIT
B1500,27.363993,34.841489,20.000000,1001,EXIT
B1501,34.662413,36.044838,20.180000,1010,EXIT
B1502,31.663397,35.547341,20.140000,1008,EXIT
B1503,35.885891,36.228077,20.320000,1017,EXIT
B1504,32.333581,35.644044,20.200000,1011,EXIT
B1505,28.070809,34.943204,20.100000,1006,EXIT
B1506,35.372809,36.125082,20.260000,1014,EXIT
B1507,32.451338,35.649046,20.240000,1013,EXIT
B1508,29.371951,35.147277,20.180000,1010,EXIT
B1509,35.570239,36.138644,20.300000,1016,EXIT
B1510,33.121958,35.743269,20.280000,1015,EXIT
B1511,28.778234,35.041798,20.200000,1011,EXIT
B1512,35.056765,36.038171,20.340000,1018,EXIT
B1513,31.975974,35.545093,20.300000,1016,EXIT
B1514,36.360304,36.227692,20.480000,1025,EXIT
B1515,31.382535,35.438124,20.320000,1017,EXIT
B1516,28.301059,34.949343,20.240000,1013,EXIT
B1517,35.925727,36.140586,20.420000,1022,EXIT
B1518,33.396784,35.743035,20.400000,1021,EXIT
B1519,30.867841,35.345484,20.360000,1019,EXIT
B1520,36.044248,36.141187,20.460000,1024,EXIT
B1521,32.882389,35.648590,20.420000,1022,EXIT
B1522,36.162781,36.141764,20.500000,1026,EXIT
B1523,34.186201,35.836585,20.480000,1025,EXIT
B1524,31.023675,35.348299,20.420000,1022,EXIT
B1525,36.281326,36.142320,20.540000,1028,EXIT
B1526,32.406425,35.549409,20.500000,1026,EXIT
B1527,26.475454,34.641892,20.260000,1014,EXIT
B1528,35.688021,36.034906,20.580000,1030,EXIT
B1529,31.812328,35.447196,20.520000,1027,EXIT
B1530,37.072234,36.226586,20.720000,1037,EXIT
B1531,33.195762,35.644037,20.580000,1030,EXIT
B1532,29.873071,35.144710,20.500000,1026,EXIT
B1533,37.190924,36.226344,20.760000,1039,EXIT
B1534,34.579723,35.837466,20.640000,1033,EXIT
B1535,30.623357,35.248256,20.560000,1029,EXIT
B1536,36.676483,36.132644,20.700000,1036,EXIT
B1537,32.719348,35.548622,20.640000,1033,EXIT
B1538,36.874230,36.144773,20.740000,1038,EXIT
B1539,33.470443,35.646942,20.700000,1036,EXIT
B1540,29.354236,35.044915,20.580000,1030,EXIT
B1541,35.567737,35.938647,20.760000,1039,EXIT
B1542,32.084138,35.433735,20.700000,1036,EXIT
B1543,37.586598,36.213853,20.880000,1045,EXIT
B1544,34.973415,35.838517,20.780000,1040,EXIT
B1545,30.776486,35.235703,20.700000,1036,EXIT
B1546,37.230113,36.145999,20.860000,1044,EXIT
B1547,33.032421,35.548520,20.800000,1041,EXIT
B1548,37.903274,36.224582,21.000000,1051,EXIT
B1549,34.496991,35.744130,20.860000,1044,EXIT
B1550,37.467424,36.146720,20.920000,1047,EXIT
B1551,35.328220,35.847716,20.900000,1046,EXIT
B1552,31.762878,35.349377,20.840000,1043,EXIT
B1553,37.586097,36.147052,20.960000,1049,EXIT
B1554,34.654088,35.740945,20.940000,1048,EXIT
B1555,28.869313,34.939709,20.760000,1039,EXIT
B1556,36.991468,36.049461,21.000000,1051,EXIT
B1557,33.345648,35.549062,20.940000,1048,EXIT
B1558,38.378367,36.223131,21.160000,1059,EXIT
B1559,33.384345,35.543903,20.980000,1050,EXIT
B1560,30.451348,35.144992,20.900000,1046,EXIT
B1561,35.722252,35.848751,21.060000,1054,EXIT
B1562,28.269631,34.844334,20.780000,1040,EXIT
B1563,37.267938,36.042300,21.120000,1057,EXIT
B1564,35.047650,35.745782,21.080000,1055,EXIT
B1565,38.179625,36.148442,21.160000,1059,EXIT
B1566,35.086590,35.739126,21.120000,1057,EXIT
B1567,31.359088,35.245847,21.040000,1053,EXIT
B1568,38.774288,36.211076,21.280000,1065,EXIT
B1569,33.697748,35.545387,21.140000,1058,EXIT
B1570,37.623780,36.045795,21.240000,1063,EXIT
B1571,30.721800,35.148979,21.080000,1055,EXIT
B1572,36.155518,35.842597,21.260000,1064,EXIT
B1573,33.061061,35.444181,21.200000,1061,EXIT
B1574,29.173153,34.943607,21.000000,1051,EXIT
B1575,38.575282,36.139123,21.320000,1067,EXIT
B1576,36.273935,35.845525,21.300000,1066,EXIT
B1577,39.328998,36.219639,21.480000,1075,EXIT
B1578,35.598684,35.748085,21.320000,1067,EXIT
B1579,39.447867,36.219152,21.520000,1077,EXIT
B1580,31.668654,35.244761,21.240000,1063,EXIT
B1581,39.487355,36.208801,21.520000,1077,EXIT
B1582,35.755982,35.745702,21.400000,1071,EXIT
B1583,39.685633,36.218147,21.600000,1081,EXIT
B1584,37.382978,35.934983,21.460000,1074,EXIT
B1585,32.618865,35.349126,21.360000,1069,EXIT
B1586,39.248640,36.149896,21.520000,1077,EXIT
B1587,34.325054,35.549979,21.440000,1073,EXIT
B1588,39.367470,36.149981,21.560000,1079,EXIT
B1589,35.158036,35.641785,21.500000,1076,EXIT
B1590,38.612539,36.045532,21.580000,1080,EXIT
B1591,31.066336,35.142862,21.380000,1070,EXIT
B1592,38.731277,36.046535,21.620000,1082,EXIT
B1593,36.189069,35.745234,21.580000,1080,EXIT
B1594,27.768008,34.747173,20.980000,1050,EXIT
B1595,37.976031,35.944884,21.640000,1083,EXIT
B1596,29.474447,34.946550,21.280000,1065,EXIT
B1597,38.094682,35.946777,21.680000,1085,EXIT
B1598,32.055421,35.244123,21.520000,1077,EXIT
B1599,39.087557,36.049417,21.740000,1088,EXIT
B1600,35.590715,35.646317,21.680000,1085,EXIT
B1601,38.252541,35.941401,21.760000,1089,EXIT
B1602,40.756003,36.213147,21.960000,1099,EXIT
B1603,37.496803,35.844345,21.780000,1090,EXIT
B1604,33.124706,35.349611,21.680000,1085,EXIT
B1605,39.284937,36.034286,21.860000,1094,EXIT
B1606,33.163288,35.347980,21.700000,1086,EXIT
B1607,40.357867,36.141287,21.900000,1096,EXIT
B1608,36.779871,35.743864,21.840000,1093,EXIT
B1609,41.112943,36.211323,22.080000,1105,EXIT
B1610,36.898386,35.747530,21.880000,1095,EXIT
B1611,39.720894,36.045957,21.960000,1099,EXIT
B1612,34.233411,35.447681,21.840000,1093,EXIT
B1613,40.794182,36.149930,22.020000,1102,EXIT
B1614,37.055926,35.746146,21.960000,1099,EXIT
B1615,29.658952,34.947169,21.480000,1075,EXIT
B1616,39.004035,35.945548,22.040000,1103,EXIT
B1617,32.481276,35.247542,21.820000,1092,EXIT
B1618,38.168147,35.846118,22.060000,1104,EXIT
B1619,31.565150,35.146094,21.780000,1090,EXIT
B1620,39.241571,35.949079,22.120000,1107,EXIT
B1621,34.467829,35.447694,21.980000,1100,EXIT
B1622,37.371097,35.743819,22.120000,1107,EXIT
B1623,41.946083,36.206798,22.360000,1119,EXIT
B1624,38.444637,35.845864,22.160000,1109,EXIT
B1625,41.985548,36.197996,22.360000,1119,EXIT
B1626,38.483760,35.840395,22.200000,1111,EXIT
B1627,42.184193,36.205442,22.440000,1123,EXIT
B1628,36.692226,35.649843,22.200000,1111,EXIT
B1629,42.303260,36.204753,22.480000,1125,EXIT
B1630,38.721204,35.845760,22.280000,1115,EXIT
B1631,41.865073,36.148733,22.360000,1119,EXIT
B1632,36.770122,35.642897,22.280000,1115,EXIT
B1633,41.984104,36.148545,22.400000,1121,EXIT
B1634,36.888689,35.647402,22.320000,1117,EXIT
B1635,42.580881,36.194892,22.560000,1129,EXIT
B1636,38.997846,35.845800,22.400000,1121,EXIT
B1637,42.222190,36.148138,22.480000,1125,EXIT
B1638,38.081431,35.748494,22.420000,1122,EXIT
B1639,42.898703,36.201217,22.680000,1135,EXIT
B1640,37.085213,35.645402,22.420000,1122,EXIT
B1641,41.424942,36.049634,22.540000,1128,EXIT
B1642,35.053453,35.446200,22.360000,1119,EXIT
B1643,39.393370,35.848553,22.540000,1128,EXIT
B1644,43.256057,36.199025,22.800000,1141,EXIT
B1645,38.396994,35.747460,22.560000,1129,EXIT
B1646,41.702262,36.044280,22.660000,1134,EXIT
B1647,37.400451,35.648275,22.560000,1129,EXIT
B1648,42.936642,36.146682,22.720000,1137,EXIT
B1649,35.288373,35.449266,22.500000,1126,EXIT
B1650,42.976069,36.139209,22.760000,1139,EXIT
B1651,36.442666,35.549087,22.600000,1131,EXIT
B1652,40.943767,35.946508,22.760000,1139,EXIT
B1653,34.250502,35.347668,22.480000,1125,EXIT
B1654,41.062718,35.948090,22.800000,1141,EXIT
B1655,43.970954,36.194493,23.040000,1153,EXIT
B1656,38.870567,35.746777,22.780000,1140,EXIT
B1657,43.532233,36.145213,22.900000,1146,EXIT
B1658,34.366812,35.348304,22.580000,1130,EXIT
B1659,42.535504,36.048793,22.940000,1148,EXIT
B1660,43.770522,36.144565,22.980000,1150,EXIT
B1661,40.263258,35.845390,22.920000,1147,EXIT
B1662,35.560337,35.444224,22.720000,1137,EXIT
B1663,40.382174,35.847883,22.960000,1149,EXIT
B1664,44.487168,36.183911,23.200000,1161,EXIT
B1665,41.736212,35.945287,23.060000,1154,EXIT
B1666,36.872888,35.542194,22.900000,1146,EXIT
B1667,44.247187,36.143169,23.140000,1158,EXIT
B1668,40.659257,35.848627,23.080000,1155,EXIT
B1669,44.446108,36.149283,23.200000,1161,EXIT
B1670,33.362683,35.248125,22.600000,1131,EXIT
B1671,42.093307,35.949779,23.180000,1160,EXIT
B1672,45.162989,36.186560,23.440000,1173,EXIT
B1673,39.660462,35.747702,23.140000,1158,EXIT
B1674,44.803718,36.147946,23.320000,1167,EXIT
B1675,37.227318,35.549485,23.080000,1155,EXIT
B1676,43.646834,36.047656,23.320000,1167,EXIT
B1677,37.266329,35.548502,23.100000,1156,EXIT
B1678,42.489808,35.949268,23.320000,1167,EXIT
B1679,45.161389,36.146547,23.440000,1173,EXIT
B1680,39.976630,35.748710,23.300000,1166,EXIT
B1681,44.004306,36.049077,23.420000,1172,EXIT
B1682,33.474665,35.248909,22.700000,1136,EXIT
B1683,42.687539,35.941456,23.440000,1173,EXIT
B1684,44.242659,36.049953,23.500000,1176,EXIT
B1685,36.185008,35.449410,23.160000,1159,EXIT
B1686,38.936606,35.649936,23.380000,1170,EXIT
B1687,45.677851,36.138252,23.620000,1182,EXIT
B1688,38.975731,35.648366,23.420000,1172,EXIT
B1689,44.520456,36.045386,23.620000,1182,EXIT
B1690,37.658410,35.548675,23.360000,1169,EXIT
B1691,40.490310,35.748383,23.540000,1178,EXIT
B1692,44.758878,36.046234,23.700000,1186,EXIT
B1693,39.172934,35.649716,23.520000,1177,EXIT
B1694,37.775626,35.547377,23.440000,1173,EXIT
B1695,43.480998,35.941478,23.740000,1188,EXIT
B1696,46.952210,36.173933,24.040000,1203,EXIT
B1697,43.679974,35.948381,23.780000,1190,EXIT
B1698,46.672467,36.145826,23.940000,1198,EXIT
B1699,36.456237,35.448513,23.380000,1170,EXIT
B1700,42.401798,35.848512,23.820000,1192,EXIT
B1701,46.911104,36.144610,24.020000,1202,EXIT
B1702,39.487710,35.647797,23.720000,1187,EXIT
B1703,44.076910,35.948268,23.920000,1197,EXIT
B1704,45.712855,36.049087,24.000000,1201,EXIT
B1705,47.588430,36.163496,24.240000,1213,EXIT
B1706,39.685094,35.649998,23.820000,1192,EXIT
B1707,47.468283,36.147255,24.200000,1211,EXIT
B1708,44.274885,35.941815,24.040000,1203,EXIT
B1709,44.473947,35.948234,24.080000,1205,EXIT
B1710,38.166730,35.546476,23.740000,1188,EXIT
B1711,48.145738,36.165131,24.440000,1223,EXIT
B1712,48.025578,36.149426,24.400000,1221,EXIT
B1713,43.154878,35.848284,24.140000,1208,EXIT
B1714,38.284179,35.547142,23.820000,1192,EXIT
B1715,46.388244,36.041140,24.260000,1214,EXIT
B1716,46.587417,36.046289,24.300000,1216,EXIT
B1717,48.623298,36.161539,24.600000,1231,EXIT
B1718,41.675794,35.744662,24.160000,1209,EXIT
B1719,45.149036,35.947149,24.340000,1218,EXIT
B1720,48.622522,36.145639,24.600000,1231,EXIT
B1721,40.157151,35.647754,24.120000,1207,EXIT
B1722,47.064767,36.047216,24.460000,1224,EXIT
B1723,49.100938,36.157913,24.760000,1239,EXIT
B1724,49.060620,36.147885,24.740000,1238,EXIT
B1725,40.274915,35.646504,24.200000,1211,EXIT
B1726,45.585774,35.944002,24.520000,1227,EXIT
B1727,49.459220,36.155171,24.880000,1245,EXIT
B1728,40.353450,35.645900,24.260000,1214,EXIT
B1729,47.581715,36.043691,24.640000,1233,EXIT
B1730,47.780976,36.048260,24.680000,1235,EXIT
B1731,49.817545,36.152413,25.000000,1251,EXIT
B1732,44.225769,35.849028,24.600000,1231,EXIT
B1733,49.777226,36.142909,24.980000,1250,EXIT
B1734,49.976564,36.146318,25.040000,1253,EXIT
B1735,50.175911,36.149638,25.120000,1257,EXIT
B1736,40.669067,35.649334,24.440000,1223,EXIT
B1737,46.380684,35.944787,24.820000,1242,EXIT
B1738,44.582593,35.847056,24.780000,1240,EXIT
B1739,44.701910,35.849178,24.800000,1241,EXIT
B1740,46.738790,35.948141,24.920000,1247,EXIT
B1741,46.778271,35.945225,24.960000,1249,EXIT
B1742,40.865658,35.649588,24.560000,1229,EXIT
B1743,49.094558,36.049173,25.100000,1256,EXIT
B1744,47.136447,35.948475,25.060000,1254,EXIT
B1745,49.333460,36.049208,25.160000,1259,EXIT
B1746,49.452919,36.049212,25.200000,1261,EXIT
B1747,49.572384,36.049206,25.240000,1263,EXIT
B1748,49.691853,36.049190,25.280000,1265,EXIT
B1749,49.811327,36.049166,25.320000,1267,EXIT
B1750,49.930806,36.049132,25.360000,1269,EXIT
B1751,49.970371,36.045486,25.380000,1270,EXIT
B1752,50.169778,36.049037,25.420000,1272,EXIT
B1753,38.980907,35.549874,24.760000,1239,EXIT
B1754,50.408770,36.048907,25.500000,1276,EXIT
B1755,50.528273,36.048829,25.540000,1278,EXIT
B1756,52.486099,36.127381,25.880000,1295,EXIT
B1757,50.687364,36.045264,25.620000,1282,EXIT
B1758,52.805127,36.128889,26.000000,1301,EXIT
B1759,48.608388,35.949057,25.600000,1281,EXIT
B1760,43.772035,35.746772,25.300000,1266,EXIT
B1761,48.767424,35.947650,25.680000,1285,EXIT
B1762,51.284984,36.044838,25.800000,1291,EXIT
B1763,49.006412,35.949487,25.760000,1289,EXIT
B1764,46.487949,35.846727,25.640000,1283,EXIT
B1765,49.085541,35.945040,25.820000,1292,EXIT
B1766,44.088832,35.749201,25.460000,1274,EXIT
B1767,46.766415,35.849543,25.740000,1288,EXIT
B1768,54.120449,36.118314,26.440000,1323,EXIT
B1769,54.240045,36.117348,26.480000,1325,EXIT
B1770,54.359645,36.116381,26.520000,1327,EXIT
B1771,52.640442,36.049137,26.180000,1310,EXIT
B1772,49.961800,35.949121,26.100000,1306,EXIT
B1773,41.567134,35.649829,25.600000,1281,EXIT
B1774,52.999196,36.048362,26.280000,1315,EXIT
B1775,47.362213,35.849479,26.020000,1302,EXIT
B1776,50.280106,35.946862,26.240000,1313,EXIT
B1777,55.316563,36.108621,26.840000,1343,EXIT
B1778,47.480927,35.847065,26.120000,1307,EXIT
B1779,55.555825,36.106676,26.920000,1347,EXIT
B1780,53.916378,36.048904,26.540000,1328,EXIT
B1781,50.917586,35.948986,26.460000,1324,EXIT
B1782,54.075659,36.045683,26.620000,1332,EXIT
B1783,47.878362,35.848110,26.280000,1315,EXIT
B1784,51.196398,35.948730,26.560000,1329,EXIT
B1785,44.759052,35.749275,26.160000,1309,EXIT
B1786,56.512998,36.098874,27.240000,1363,EXIT
B1787,54.873425,36.045977,26.840000,1343,EXIT
B1788,55.073036,36.047919,26.880000,1345,EXIT
B1789,55.192686,36.047496,26.900000,1346,EXIT
B1790,51.873738,35.948994,26.800000,1341,EXIT
B1791,57.231003,36.093007,27.480000,1375,EXIT
B1792,55.671318,36.045752,27.060000,1354,EXIT
B1793,57.470361,36.091049,27.560000,1379,EXIT
B1794,56.070594,36.049157,27.140000,1358,EXIT
B1795,48.672929,35.848572,26.680000,1335,EXIT
B1796,57.949109,36.087130,27.720000,1387,EXIT
B1797,58.068803,36.086149,27.760000,1389,EXIT
B1798,56.748963,36.048605,27.320000,1367,EXIT
B1799,52.949886,35.949682,27.160000,1359,EXIT
B1800,52.989573,35.948295,27.200000,1361,EXIT
B1801,58.587334,36.079307,27.920000,1397,DONE
B1802,57.507387,36.049630,27.580000,1380,EXIT
B1803,53.388276,35.948745,27.320000,1367,EXIT
B1804,59.146163,36.077319,28.120000,1407,DONE
B1805,59.185903,36.074512,28.120000,1407,DONE
B1806,59.385604,36.075356,28.200000,1411,DONE
B1807,58.385606,36.049438,27.860000,1394,DONE
B1808,49.467513,35.849926,27.280000,1365,EXIT
B1809,53.986143,35.947259,27.560000,1379,EXIT
B1810,59.984248,36.070446,28.400000,1421,DONE
B1811,58.984230,36.046011,28.060000,1404,DONE
B1812,54.464955,35.949352,27.700000,1386,EXIT
B1813,54.584665,35.949842,27.720000,1387,EXIT
B1814,60.582951,36.065537,28.600000,1431,DONE
B1815,59.902853,36.048816,28.360000,1419,DONE
B1816,60.022598,36.048032,28.400000,1421,DONE
B1817,61.061953,36.061610,28.760000,1439,DONE
B1818,49.863962,35.849478,27.760000,1389,EXIT
B1819,61.301467,36.059648,28.840000,1443,DONE
B1820,60.781333,36.047001,28.660000,1434,DONE
B1821,55.541960,35.949730,28.040000,1403,DONE
B1822,55.581712,35.948718,28.080000,1405,DONE
B1823,61.900288,36.054743,29.040000,1453,DONE
B1824,62.020058,36.053762,29.080000,1455,DONE
B1825,61.899865,36.048737,29.040000,1453,DONE
B1826,62.019639,36.047809,29.080000,1455,DONE
B1827,56.220211,35.949716,28.280000,1415,DONE
B1828,56.379737,35.949148,28.340000,1418,DONE
B1829,62.778516,36.045658,29.320000,1467,DONE
B1830,56.778804,35.949287,28.460000,1424,DONE
B1831,63.457455,36.042010,29.560000,1479,DONE
B1832,63.697047,36.040054,29.640000,1483,DONE
B1833,57.457258,35.949131,28.720000,1437,DONE
B1834,57.696830,35.949677,28.800000,1441,DONE
B1835,64.535675,36.033218,29.920000,1497,DONE
B1836,64.775299,36.031268,30.000000,1501,DONE
B1837,58.375411,35.949326,29.080000,1455,DONE
B1838,58.615019,35.949740,29.160000,1459,DONE
B1839,65.614032,36.024452,30.280000,1515,DONE
B1840,65.773689,36.021642,30.320000,1517,DONE
B1841,66.093342,36.020566,30.440000,1523,DONE
B1842,66.452841,36.017655,30.560000,1529,DONE
B1843,59.773006,35.949732,29.600000,1481,DONE
B1844,66.932193,36.013779,30.720000,1537,DONE
B1845,67.171877,36.011844,30.800000,1541,DONE
B1846,60.531832,35.949614,29.880000,1495,DONE
B1847,67.571266,36.007301,30.920000,1547,DONE
B1848,61.011194,35.949798,30.040000,1503,DONE
B1849,61.170887,35.949207,30.120000,1507,DONE
B1850,61.490581,35.949844,30.200000,1511,DONE
B1851,68.729958,35.999308,31.320000,1567,DONE
B1852,68.969682,35.997387,31.400000,1571,DONE
B1853,69.209411,35.995468,31.480000,1575,DONE
B1854,62.649284,35.949984,30.560000,1529,DONE
B1855,62.689149,35.949392,30.600000,1531,DONE
B1856,69.928626,35.989722,31.720000,1587,DONE
B1857,70.168374,35.987811,31.800000,1591,DONE
B1858,63.488354,35.949197,30.840000,1543,DONE
B1859,63.888097,35.949757,30.920000,1547,DONE
B1860,70.687763,35.982638,31.960000,1599,DONE
B1861,64.527601,35.949797,31.080000,1555,DONE
B1862,71.247293,35.979239,32.160000,1609,DONE
B1863,64.887243,35.949125,31.200000,1561,DONE
B1864,65.367009,35.949674,31.280000,1565,DONE
B1865,71.846729,35.974496,32.360000,1619,DONE
B1866,65.966666,35.949786,31.400000,1571,DONE
B1867,72.206403,35.971657,32.480000,1625,DONE
B1868,66.486335,35.949406,31.520000,1577,DONE
B1869,72.486086,35.968549,32.560000,1629,DONE
B1870,67.246012,35.949685,31.640000,1583,DONE
B1871,72.925776,35.965996,32.720000,1637,DONE
B1872,68.085698,35.949929,31.760000,1589,DONE
B1873,68.365596,35.949939,31.800000,1591,DONE
B1874,68.485495,35.949458,31.840000,1593,DONE
B1875,73.525279,35.961296,32.920000,1647,DONE
B1876,73.645183,35.960357,32.960000,1649,DONE
B1877,73.685087,35.959221,32.960000,1649,DONE
B1878,70.285002,35.949870,32.040000,1603,DONE
B1879,70.724907,35.949996,32.080000,1605,DONE
B1880,71.084812,35.949885,32.120000,1607,DONE
B1881,71.524718,35.949899,32.240000,1613,DONE
B1882,74.284621,35.954578,33.160000,1659,DONE
B1883,71.644626,35.949203,32.280000,1615,DONE
B1884,72.244534,35.949442,32.480000,1625,DONE
B1885,72.844443,35.949596,32.680000,1635,DONE
B1886,73.524353,35.949809,32.920000,1647,DONE
B1887,74.844263,35.951009,33.360000,1669,DONE
B1888,73.804264,35.949249,33.000000,1651,DONE
B1889,74.724176,35.949692,33.320000,1667,DONE
B1890,75.084089,35.949147,33.440000,1673,DONE
B1891,75.563750,35.945431,33.600000,1681,DONE
B1892,76.043423,35.941726,33.760000,1689,DONE
B1893,76.523109,35.938032,33.920000,1697,DONE
B1894,77.002805,35.934348,34.080000,1705,DONE
B1895,77.482513,35.930675,34.240000,1713,DONE
B1896,77.882231,35.927033,34.360000,1719,DONE
B1897,78.561893,35.922452,34.600000,1731,DONE
B1898,79.041634,35.918816,34.760000,1739,DONE
B1899,79.521385,35.915191,34.920000,1747,DONE